-- MySQL dump 10.13  Distrib 5.5.54, for debian-linux-gnu (x86_64)
--
-- Host: localhost    Database: 15_kubala
-- ------------------------------------------------------
-- Server version	5.5.54-0ubuntu0.12.04.1

/*!40101 SET @OLD_CHARACTER_SET_CLIENT=@@CHARACTER_SET_CLIENT */;
/*!40101 SET @OLD_CHARACTER_SET_RESULTS=@@CHARACTER_SET_RESULTS */;
/*!40101 SET @OLD_COLLATION_CONNECTION=@@COLLATION_CONNECTION */;
/*!40101 SET NAMES utf8 */;
/*!40103 SET @OLD_TIME_ZONE=@@TIME_ZONE */;
/*!40103 SET TIME_ZONE='+00:00' */;
/*!40014 SET @OLD_UNIQUE_CHECKS=@@UNIQUE_CHECKS, UNIQUE_CHECKS=0 */;
/*!40014 SET @OLD_FOREIGN_KEY_CHECKS=@@FOREIGN_KEY_CHECKS, FOREIGN_KEY_CHECKS=0 */;
/*!40101 SET @OLD_SQL_MODE=@@SQL_MODE, SQL_MODE='NO_AUTO_VALUE_ON_ZERO' */;
/*!40111 SET @OLD_SQL_NOTES=@@SQL_NOTES, SQL_NOTES=0 */;

--
-- Table structure for table `application`
--

DROP TABLE IF EXISTS `application`;
/*!40101 SET @saved_cs_client     = @@character_set_client */;
/*!40101 SET character_set_client = utf8 */;
CREATE TABLE `application` (
  `id` int(11) NOT NULL AUTO_INCREMENT,
  `events_id` int(11) DEFAULT NULL,
  `users_id` int(10) unsigned DEFAULT NULL,
  `role` varchar(45) COLLATE utf8_unicode_ci DEFAULT NULL,
  `transport` varchar(255) COLLATE utf8_unicode_ci DEFAULT NULL,
  `accommodtion_remarks` varchar(255) COLLATE utf8_unicode_ci DEFAULT NULL,
  `organization_remarks` varchar(255) COLLATE utf8_unicode_ci DEFAULT NULL,
  `costume_needs` varchar(255) COLLATE utf8_unicode_ci DEFAULT NULL,
  `weapon_needs` varchar(255) COLLATE utf8_unicode_ci DEFAULT NULL,
  `lore_needs` varchar(255) COLLATE utf8_unicode_ci DEFAULT NULL,
  `lore_knowledge` int(11) DEFAULT NULL,
  `interaction_preferences` varchar(255) COLLATE utf8_unicode_ci DEFAULT NULL,
  `character_name` varchar(45) COLLATE utf8_unicode_ci DEFAULT NULL,
  `character_race` varchar(45) COLLATE utf8_unicode_ci DEFAULT NULL,
  `character_class` varchar(45) COLLATE utf8_unicode_ci DEFAULT NULL,
  `character_title` varchar(45) COLLATE utf8_unicode_ci DEFAULT NULL,
  `character_age` varchar(45) COLLATE utf8_unicode_ci DEFAULT NULL,
  `faction` varchar(45) COLLATE utf8_unicode_ci DEFAULT NULL,
  `faction_2` varchar(45) COLLATE utf8_unicode_ci DEFAULT NULL,
  `commandment_preferences` varchar(45) COLLATE utf8_unicode_ci DEFAULT NULL,
  `character_militancy` int(11) DEFAULT NULL,
  `character_cunning` int(11) DEFAULT NULL,
  `character_story` mediumtext COLLATE utf8_unicode_ci,
  `character_nature` varchar(5000) COLLATE utf8_unicode_ci DEFAULT NULL,
  `character_connections` varchar(5000) COLLATE utf8_unicode_ci DEFAULT NULL,
  `rumours` varchar(1000) COLLATE utf8_unicode_ci DEFAULT NULL,
  `larping_preferences` varchar(1000) COLLATE utf8_unicode_ci DEFAULT NULL,
  `additional_remarks` varchar(5000) COLLATE utf8_unicode_ci DEFAULT NULL,
  PRIMARY KEY (`id`),
  KEY `fk_users_has_events_events1_idx` (`events_id`),
  KEY `fk_users_has_events_users1_idx` (`users_id`),
  CONSTRAINT `FK_A45BDDC167B3B43D` FOREIGN KEY (`users_id`) REFERENCES `fos_user` (`id`),
  CONSTRAINT `FK_A45BDDC19D6A1065` FOREIGN KEY (`events_id`) REFERENCES `event` (`id`)
) ENGINE=InnoDB DEFAULT CHARSET=utf8 COLLATE=utf8_unicode_ci;
/*!40101 SET character_set_client = @saved_cs_client */;

--
-- Dumping data for table `application`
--

LOCK TABLES `application` WRITE;
/*!40000 ALTER TABLE `application` DISABLE KEYS */;
/*!40000 ALTER TABLE `application` ENABLE KEYS */;
UNLOCK TABLES;

--
-- Table structure for table `character`
--

DROP TABLE IF EXISTS `character`;
/*!40101 SET @saved_cs_client     = @@character_set_client */;
/*!40101 SET character_set_client = utf8 */;
CREATE TABLE `character` (
  `id` int(11) NOT NULL AUTO_INCREMENT,
  `events_id` int(11) DEFAULT NULL,
  `users_id` int(10) unsigned DEFAULT NULL,
  `name` varchar(45) COLLATE utf8_unicode_ci NOT NULL,
  `race` varchar(45) COLLATE utf8_unicode_ci DEFAULT NULL,
  `class` varchar(45) COLLATE utf8_unicode_ci DEFAULT NULL,
  `story` mediumtext COLLATE utf8_unicode_ci,
  `quests` mediumtext COLLATE utf8_unicode_ci,
  `informations` mediumtext COLLATE utf8_unicode_ci,
  `resources` varchar(5000) COLLATE utf8_unicode_ci DEFAULT NULL,
  `official_info` varchar(1000) COLLATE utf8_unicode_ci DEFAULT NULL,
  PRIMARY KEY (`id`),
  KEY `fk_events_has_users_users1_idx` (`users_id`),
  KEY `fk_events_has_users_events1_idx` (`events_id`),
  CONSTRAINT `FK_937AB03467B3B43D` FOREIGN KEY (`users_id`) REFERENCES `fos_user` (`id`),
  CONSTRAINT `FK_937AB0349D6A1065` FOREIGN KEY (`events_id`) REFERENCES `event` (`id`)
) ENGINE=InnoDB DEFAULT CHARSET=utf8 COLLATE=utf8_unicode_ci;
/*!40101 SET character_set_client = @saved_cs_client */;

--
-- Dumping data for table `character`
--

LOCK TABLES `character` WRITE;
/*!40000 ALTER TABLE `character` DISABLE KEYS */;
/*!40000 ALTER TABLE `character` ENABLE KEYS */;
UNLOCK TABLES;

--
-- Table structure for table `event`
--

DROP TABLE IF EXISTS `event`;
/*!40101 SET @saved_cs_client     = @@character_set_client */;
/*!40101 SET character_set_client = utf8 */;
CREATE TABLE `event` (
  `id` int(11) NOT NULL AUTO_INCREMENT,
  `template_application_id` int(11) DEFAULT NULL,
  `tag_id` int(10) unsigned DEFAULT NULL,
  `name` varchar(127) COLLATE utf8_unicode_ci NOT NULL,
  `date_start` datetime NOT NULL,
  `date_end` datetime NOT NULL,
  `location` varchar(255) COLLATE utf8_unicode_ci DEFAULT NULL,
  `location_link` varchar(1000) COLLATE utf8_unicode_ci DEFAULT NULL,
  `summary` varchar(1000) COLLATE utf8_unicode_ci NOT NULL,
  `description` mediumtext COLLATE utf8_unicode_ci NOT NULL,
  `price` double DEFAULT NULL,
  `displayed_main` tinyint(1) NOT NULL,
  `participants_limit` int(11) DEFAULT NULL,
  `image_file` varchar(255) COLLATE utf8_unicode_ci DEFAULT NULL,
  `image_path` varchar(255) COLLATE utf8_unicode_ci DEFAULT NULL,
  `applications_allowed` tinyint(1) NOT NULL,
  PRIMARY KEY (`id`),
  KEY `fk_events_application1_idx` (`template_application_id`),
  KEY `fk_events_tags1_idx` (`tag_id`),
  CONSTRAINT `FK_3BAE0AA79B12F4D7` FOREIGN KEY (`template_application_id`) REFERENCES `application` (`id`),
  CONSTRAINT `FK_3BAE0AA7BAD26311` FOREIGN KEY (`tag_id`) REFERENCES `tag` (`id`)
) ENGINE=InnoDB AUTO_INCREMENT=5 DEFAULT CHARSET=utf8 COLLATE=utf8_unicode_ci;
/*!40101 SET character_set_client = @saved_cs_client */;

--
-- Dumping data for table `event`
--

LOCK TABLES `event` WRITE;
/*!40000 ALTER TABLE `event` DISABLE KEYS */;
INSERT INTO `event` VALUES (1,NULL,65,'Larp \"Szepty Nawiedzonych Krain\"','2018-08-23 12:00:00','2018-08-26 12:00:00','Chatka Studencka Lasek',NULL,'3-dniowy larp terenowy w świecie World of Warcraft. Zdawało się, że Nawiedzone Krainy są na uboczu ważnych wydarzeń...','<p><em>Echa Kataklizmu wciąż przetaczają się przez udręczone Azeroth, a mroczne cielsko Deathwinga raz po raz przecina niebo. Zdawać by się mogło, że Nawiedzone Krainy są niejako na uboczu ważnych wydarzeń... A przynajmniej tak zdawało się do momentu, gdy elfy nie poprosiły o pomoc z rosnącymi siłami trolli. Zwiadowcy Haldurona Brighwinga oraz podwładni Vereesy Windrunner jednoczą dziś siły i frakcje, by stawić czoła trollowemu zagrożeniu. Ale czy bębny plemienia Amani to jedyne, o czym szepczą Nawiedzone Krainy? Co z Plagą, od kt&oacute;rej nazwę wzięły te ziemie? Co czeka na przybyłych w te tereny śmiałk&oacute;w? I czy kruchy sojusz wprowadzony w obozie przetrwa w leśnej dziczy? Zapraszamy na letniego larpa, by posłuchać Szept&oacute;w Nawiedzonych Krain!</em></p>\r\n<h3 id=\"docs-internal-guid-fbaded35-f346-b5d3-4749-1dd1177d5373\" dir=\"ltr\">Og&oacute;lnie:</h3>\r\n<p dir=\"ltr\">&nbsp;&nbsp;&nbsp;&nbsp;&nbsp; Larp (lub po prostu fabularna gra terenowa) odbywa się w okolicach miejscowości Koszarawa / Pewel Wielka (między Żywcem a Suchą Beskidzką &ndash; uprzedzamy pytania: dojeżdżają tam pociągi i busy z Krakowa/Katowic, a dalej zawiezie was już larpobus).</p>\r\n<p dir=\"ltr\">&nbsp;&nbsp;&nbsp;&nbsp;&nbsp; Zabawa trwa cztery dni (trzy dni czystej gry i czwarty dzień przeznaczony na odespanie i wykwaterowanie). Gramy w dość znanym z gier i popularnym świecie Warcrafta &ndash; dla tych, kt&oacute;rzy go nie znają, kadra zapewni wszelką potrzebną pomoc.</p>\r\n<p dir=\"ltr\">&nbsp;&nbsp;&nbsp;&nbsp;&nbsp; W czasie gry wcielamy się w wybrane uprzednio postaci &ndash; ich wyborowi służyć będzie ankieta postaci, zamieszczona pod linkiem:<a href=\"https://goo.gl/forms/ixrJLjlTyPFFwyUA3\"> https://goo.gl/forms/ixrJLjlTyPFFwyUA3</a></p>\r\n<p dir=\"ltr\">&nbsp;&nbsp;&nbsp;&nbsp;&nbsp; Noclegi zapewnione będą w położonej z dala od ludzkich siedzib chatce &bdquo;Lasek&rdquo; z dostępem do prądu, bieżącej wody (ciepłej pod warunkiem napalenia w piecu) i zaplecza sanitarnego. Miejsce wymagać będzie zabrania własnych śpiwor&oacute;w.</p>\r\n<p dir=\"ltr\">(Zdjęcia z kadrowego rekonesansu na miejscu znajdziecie na wydarzeniu i pod linkiem <a href=\"https://photos.app.goo.gl/MnaBUJWSBZXhCwBH3\">https://photos.app.goo.gl/MnaBUJWSBZXhCwBH3</a> )</p>\r\n<p><br /><strong>GRA NA LARPIE BĘDZIE WYMAGAŁA PODSTAWOWEJ SPRAWNOŚCI FIZYCZNEJ (jeśli jesteś w stanie bez większego problemu dobiec na autobus / przejść się na kilkugodzinny spacer, powinieneś dać radę).</strong></p>\r\n<p>&nbsp;</p>\r\n<p id=\"docs-internal-guid-3a270ba0-f347-d7e1-71ed-079bc9142bd8\" dir=\"ltr\">Cena obejmuje:</p>\r\n<ul>\r\n<li dir=\"ltr\">zakwaterowanie w chatce studenckiej &bdquo;Lasek&rdquo; &ndash; trzy noclegi (wymagany będzie własny śpiw&oacute;r), dostęp do sanitariat&oacute;w, bieżącej wody</li>\r\n<li dir=\"ltr\">dojazd z punktu zbi&oacute;rki do początku szlaku, jak r&oacute;wnież przew&oacute;z do chatki samochodem terenowym bagaży i os&oacute;b, kt&oacute;re zadeklarują nam to w ankiecie (problemy zdrowotne itd.)</li>\r\n<li dir=\"ltr\">wyżywienie &ndash; co najmniej ciepły posiłek na dzień, a prawdopodobnie także śniadania i kolacje,</li>\r\n<li dir=\"ltr\">przygotowanie gry &ndash; potrzebnych stroj&oacute;w NPC, akcesori&oacute;w, tekst&oacute;w, artefakt&oacute;w, ale także pochodni i innych przydatnych przedmiot&oacute;w, kt&oacute;re pozwolą Wam przenieść się w świat gry,</li>\r\n<li dir=\"ltr\">opiekę kadry &ndash; rozwiązywanie fabularnych konflikt&oacute;w, ale też i pomoc terenową.</li>\r\n</ul>\r\n<p dir=\"ltr\">&nbsp;</p>\r\n<p dir=\"ltr\">Cena nie obejmuje:</p>\r\n<ul>\r\n<li dir=\"ltr\">dojazdu na punkt zbi&oacute;rki (prawdopodobnie Żywiec),</li>\r\n<li dir=\"ltr\">(być może) śniadań i kolacji,</li>\r\n<li dir=\"ltr\">karnet&oacute;w na siłownię przed larpem (jeśli ktoś boi się o swoją kondycję) :D</li>\r\n</ul>\r\n<p id=\"docs-internal-guid-8bccf743-f349-5ce3-661a-7a571397a4e6\" dir=\"ltr\">Nie jesteśmy biurem podr&oacute;ży ani ofertą komercyjną! Wasze wpłaty będą przeznaczone na wynajem chatki, dojazd do niej, jak r&oacute;wnież zapewnienie potrzebnego wyżywienia. Zrobimy wszystko, co w naszej mocy, abyście dobrze się bawili, ale luksus&oacute;w nie oczekujcie.</p>\r\n<p style=\"text-align: center;\"><strong>W razie jakichkolwiek wątpliwości, jesteśmy w stanie odpowiedzieć na wszystkie pytanie drogą mailową lub telefoniczną (w razie zamieszkania w Krakowie jesteśmy także w stanie spotkać się osobiście). Nie b&oacute;jcie się pytać, my nie gryziemy (Ork zwany Michałem też nie).</strong></p>\r\n<p style=\"text-align: left;\">&nbsp;</p>\r\n<h3 id=\"docs-internal-guid-066c82aa-f34a-0a26-e370-138977364521\" dir=\"ltr\">Co, gdzie i jak &ndash; fabularnie:</h3>\r\n<p dir=\"ltr\"><strong>Uniwersum</strong>: Larp odbywać się będzie w realiach gry World of Warcraft, w samym środku dodatku Cataclysm (dla nerd&oacute;w: okolice patcha 4.1)</p>\r\n<p dir=\"ltr\">Nie jest wymagana idealna znajomość uniwersum, zapewniamy pomoc w tych podstawowych informacjach - na wydarzeniu będzie dostępne zar&oacute;wno kalendarium, jak i filmiki przybliżające ten świat.</p>\r\n<p dir=\"ltr\"><strong>Miejsce</strong>: Fabularnie spotykamy się w elfickim posterunku położonym w Nawiedzonych Krainach (Ghostlands), w kt&oacute;rych elfy ścierają się zar&oacute;wno z nieumarłą Plagą, jak i wyjątkowo aktywnymi ostatnio trollami.</p>\r\n<p dir=\"ltr\"><strong>Czas</strong>: Rok po przebudzeniu Deathwinga, dołączeniu worgen&oacute;w do Przymierza, a goblin&oacute;w do Hordy. Przymierze wciąż ściera się z nieumarłymi Sylvanas, Wojenny W&oacute;dz Garrosh silną ręką prowadzi Hordę ku zwycięstwom, a czempioni zmagają się właśnie z kolejnymi kultystami Młota Zmierzchu i&hellip; absolutnie nie mają powodu, by pojawić się w Nawiedzonych Krianach.</p>\r\n<p dir=\"ltr\"><strong>Pow&oacute;d</strong>: Elfy, nie dając sobie rady z zagrożeniem ze strony trolli, jak r&oacute;wnież otrzymując kolejne ostrzeżenia odnośnie aktywności nie tylko Amani, ale i nieumarłych, zdecydowały się rozesłać wici. W posterunku pojawili się więc nie tylko zwiadowcy Haldurona Brightwinga (Krwawe Elfy, Horda), ale także popierające Przymierze Wysokie Elfy Vereesy Windrunner. Zadecydowali oni o chwilowym zawieszeniu broni (przynajmniej w obrębie posterunku), by wsp&oacute;lnie stawić czoła zagrożeniu. A co zrobią ich podwładni i inni przybysze&hellip; Zobaczycie :D</p>\r\n<p dir=\"ltr\">Grupy fabularne: zar&oacute;wno &ldquo;o co z nimi chodzi&rdquo; jak i detale znajdziecie w <a href=\"https://docs.google.com/document/d/16p8TYYNesfEEFGs5jk3-HIiUqEAVRv-HyJ90oHfi9Eo/edit?usp=sharing\" target=\"_blank\">osobnym linku</a>.</p>',250,1,NULL,NULL,'1a3e57cade61e4e4540213c80adfdd9c.jpeg',1),(2,NULL,68,'Larp \"W Obliczu Mroku\"','2017-12-27 14:00:00','2017-12-27 23:59:00','Tarnów Jezierny',NULL,'Zimowy larp polityczno-ekonomiczny, w którym gracze wcielą się w uczestników spotkania na szczycie obywającego się w Lordaeronie w gorącym okresie pierwszych wojen z orkami.','<p>Zapraszamy na larpa &bdquo;W obliczu mroku&rdquo;</p>\r\n<p>Larp odbędzie się w dniach 27-29.12.2017 w pałacyku myśliwskim w Tarnowie Jeziernym (okolice Sławy, woj. lubuskie).<br /> Larp osadzony jest w uniwersum Warcrafta, a same wydarzenia fabularne będą miały miejsce w okolicach Lordaeronu w przededniu Drugiej Wojny (gramy nieco alternatywną historię, nie odgrywamy teatru). Do wyboru dostępne są postaci imienne (lista wakat&oacute;w), ale istnieje też możliwość zgłoszenia własnej postaci w obrębie dworu/dwor&oacute;w kr&oacute;lewskich.</p>\r\n<p>Koszt larpa zamknie się w 160 złotych, a wpłaty prosimy dokonać na konto:</p>\r\n<blockquote>51 1140 2004 0000 3902 7448 4754 <br /> Michał Rzepecki<br /> Ul. Szczęśliwa 28<br /> Krak&oacute;w<br /> Tytuł przelewu: LARP zimowy [imię nazwisko]<br /> Termin wpłat to 20.11.2017</blockquote>\r\n<p>Cena zawiera:</p>\r\n<ul>\r\n<li>dwa noclegi w pałacyku myśliwskim,</li>\r\n<li>wyżywienie,</li>\r\n<li>symboliczną ilość alkoholu,</li>\r\n<li>dojazd na miejsce ze Sławy,</li>\r\n<li>dojazd z pałacyku do Sławy w drodze powrotnej,</li>\r\n<li>przygotowanie larpa <span class=\"_47e3 _5mfr\" title=\"Emotikon grin\"><img class=\"img\" src=\"https://static.xx.fbcdn.net/images/emoji.php/v9/f51/1/16/1f603.png\" alt=\"\" width=\"16\" height=\"16\" /></span></li>\r\n</ul>\r\n<p>Cena nie obejmuje:</p>\r\n<ul>\r\n<li>dojazdu do Sławy (polecamy dojazd do Głogowa i p&oacute;źniej busem do Sławy lub dogadanie się ze zmotoryzowanymi).</li>\r\n<li>fanaberii graczy <span class=\"_47e3 _5mfr\" title=\"Emotikon grin\"><img class=\"img\" src=\"https://static.xx.fbcdn.net/images/emoji.php/v9/f51/1/16/1f603.png\" alt=\"\" width=\"16\" height=\"16\" /></span></li>\r\n<li>stroj&oacute;w,</li>\r\n<li>ewentualnej wizyty u psychiatry.</li>\r\n</ul>',160,0,15,NULL,'71d4843db8cf3b0126a32eb627eed7ca.jpeg',0),(3,NULL,66,'Zorze Northrend - biesiada warcraftowa','2016-12-28 17:00:00','2016-12-29 04:00:00','Willa Cuda Wianki, ul. Krakowska 67, 32-088 Brzozówka, Krakow, Poland',NULL,'Milknie już zgiełk turnieju, a kufle zwycięzców napełniają się trunkami. Wielu jednak już kieruje swój wzrok dalej, na Cytadelę Króla Lisza.','<h3 dir=\"ltr\">Organizacyjnie</h3>\r\n<p dir=\"ltr\">Spotkanie jest typową biesiadą klimatyczną, nie zawierającą wielu element&oacute;w knujno-larpowych. Chcemy spotkać się w klimacie, pośpiewać, potańczyć, pogadać, ewentualnie pozabijać się, ale z sensownych powod&oacute;w. Nie przygotowujemy rozbudowanych misji, prawdopodobnie ograniczymy się do zapewnienia Wam informacji, z kt&oacute;rych można będzie wyk(n)uć absolutnie wszystko.</p>\r\n<p dir=\"ltr\">Z tego samego względu zabawy, nie będzie istniała instytucja BNa/Kadry/duszka - oczywiście zatwierdzenia jak najbardziej się pojawią, ale raczej przed larpem. Nie będzie też wielu (albo w og&oacute;le) wydarzeń kadrowych &ndash; biesiada opiera się na <strong>graczach </strong>- nas wszystkich.</p>\r\n<p dir=\"ltr\">W razie czego pytania prosimy kierować do Angeliki <em>Aerlinn</em> Zawady, Michała <em>Pracha / Mjoriego</em> Praska i Pawła <em>Owizora</em> Cieślika (w tej kolejności, w sprawach lore najlepiej do Aerlinn i Mjoriego)</p>\r\n<h3 dir=\"ltr\">Fabularnie</h3>\r\n<p>&nbsp;</p>\r\n<p dir=\"ltr\"><strong>Uniwersum</strong>: Biesiada odbywać się będzie w realiach gry World of Warcraft: Wrath of the Lich King (dla nerd&oacute;w: okolice patcha 3.2, tuż po wydarzeniach z Argent Tournament i rajdu Trial of the Crusader - a tuż przed Icecrown Citadel). Nie jest wymagana idealna znajomość uniwersum, zapewniamy pomoc w tych podstawowych informacjach - na wydarzeniu będzie dostępne zar&oacute;wno kalendarium, jak i filmiki przybliżające ten świat.</p>\r\n<p dir=\"ltr\"><strong>Miejsce</strong>: Fabularnie spotykamy się w jednym z budynk&oacute;w położonych na ziemiach Turnieju - względnie bezpiecznym, mimo iż położonym w niezwykle niebezpiecznej krainie Icecrown (położonej z kolei na mroźnym kontynencie Northrend)</p>\r\n<p dir=\"ltr\"><strong>Czas</strong>: Po zakończeniu zmagań turniejowych, fabularnie ostatni dzień roku (dalsze kalendarium zostanie wrzucone p&oacute;źniej - i wcale nie jest skomplikowane!)</p>\r\n<p dir=\"ltr\">&nbsp;</p>\r\n<p dir=\"ltr\"><strong>Pow&oacute;d</strong>: Biesiada jest de facto odpoczynkiem po długim i wyczerpującym turnieju (kt&oacute;ry nie do końca był tylko niepozorną zabawą w klimatach p&oacute;źnego średniowiecza) i jednocześnie okazją do zaplanowania nieodległego w czasie natarcia na Cytadelę Kr&oacute;la Lisza (laikom, kim jest Kr&oacute;l Lisz, będziemy jeszcze wyjaśniać), a może też i innych przedsięwzięć. Nic więc dziwnego, że na miejscu pojawiają się postaci z obu (jeszcze niedawno zwaśnionych) oboz&oacute;w Przymierza i Hordy - zar&oacute;wno wojskowi dow&oacute;dcy, jak i czempioni poszczeg&oacute;lnych miast i organizacji. Każdy bowiem pragnie uczcić zakończenie turniej&oacute;w i zaplanować nadchodzące dni&hellip;</p>\r\n<p dir=\"ltr\">&nbsp;</p>',80,0,NULL,NULL,'48e19f723cb750d535f31020d1bc66a2.jpeg',0),(4,NULL,67,'Burze Hillsbrad - larp letni','2017-08-29 13:00:00','2017-08-31 17:00:00','Gibasówka',NULL,'Król Lisz upadł, załamała się jego lodowa potęga. Nad światem rozciągło się złudne widmo pokoju. Czempioni Przymierza i Hordy w blasku chwały powrócili do swych domów, miasta wypełniły wiwaty...','<h3 dir=\"ltr\">Co, gdzie i jak &ndash; pozafabularnie</h3>\r\n<p dir=\"ltr\"><strong>Co</strong>: Spotkanie jest biesiadą klimatyczną, zawierającą jednak elementy gry terenowej oraz knucia larpowego. Nie oznacza to jednak, że zabraknie klimatycznych śpiew&oacute;w i tańc&oacute;w (jak r&oacute;wnież możliwości zabicia kogoś z sensownych powod&oacute;w XD).</p>\r\n<p dir=\"ltr\">Raczej nie przygotujemy Wam rozbudowanych misji, prawdopodobnie ograniczymy się do zapewnienia Wam informacji, z kt&oacute;rych można będzie wyk(n)uć absolutnie wszystko.</p>\r\n<p dir=\"ltr\">W związku z elementami gry terenowej, pojawi się oczywiście instytucja BNa/Kadry/duszka - osoby zatwierdzającej przed larpem wszystkie amulety i zaklęcia, a podczas samej gry kontrolująca przebieg wydarzeń. Mimo to jednak larp opierać się będzie w dużej mierze na graczach, a kadrowicze nie będą wiedzieć wszystkiego - fabuła zależeć będzie nie tylko (a może nawet w og&oacute;le nie) od kadry, a od Graczy - nas wszystkich.</p>\r\n<p dir=\"ltr\">W razie czego pytania prosimy kierować do Angeliki <em>Aerlinn / Daquelii</em> Zawady, Michała<em> Rzepy/Zuraka</em> Rzepeckiego i Jędrka<em> Gnoma</em> Kubali (w tej kolejności, w sprawach lore najlepiej do Aerlinn)</p>\r\n<h4 dir=\"ltr\">NAJWAŻNIEJSZE</h4>\r\n<p dir=\"ltr\"><strong>Miejsce</strong>: Cała zabawa odbędzie się w chatce studenckiej &ldquo;Gibas&oacute;wka&rdquo; w okolicach miejscowości Kocoń w Beskidzie Małym (uprzedzamy pytania - dojeżdżają tam pociągi z Krakowa/Katowic - około 2 godziny jazdy - z kt&oacute;rych przesiadamy się na busy). Miejsce wymagać będzie zabrania własnych śpiwor&oacute;w, a także karimaty do przedrzemania na podłodze.</p>\r\n<p dir=\"ltr\"><strong>Link do strony chatki</strong>:&nbsp;<a href=\"http://gibasy.prv.pl/\" target=\"_blank\">http://gibasy.prv.pl/</a></p>\r\n<p dir=\"ltr\"><strong>Termin</strong>: Całość odbędzie się w dniach 29-31 sierpnia z możliwością przedłużenia na dzień niefabularnego afterparty.</p>\r\n<p dir=\"ltr\"><strong>Koszty</strong>: Zapłacić będzie trzeba tylko za to, co będzie konieczne. Szacujemy, że koszt wyniesie nas około 120 złotych od osoby i obejmować będzie:</p>\r\n<ul>\r\n<li dir=\"ltr\">wyżywienie (konieczna będzie pomoc przy gotowaniu),</li>\r\n<li dir=\"ltr\">drobny alkohol (DROBNY!),</li>\r\n<li dir=\"ltr\">dwa noclegi,</li>\r\n<li dir=\"ltr\">zabranie bagaży teren&oacute;wką pod chatkę i zwiezienie ich na d&oacute;ł</li>\r\n</ul>\r\n<p dir=\"ltr\">CENA NIE ZAWIERA: Dojazdu</p>\r\n<p dir=\"ltr\">W chatce jest &nbsp;OGRANICZONA ILOŚĆ MIEJSC!</p>\r\n<p dir=\"ltr\">W związku z tym ilość miejsc na samym larpie także jest LIMITOWANA</p>\r\n<p dir=\"ltr\">(chyba że ktoś oznaczy się w ankiecie, że śpi/może spać w namiocie &ndash; ostrzegamy, będzie zimno!)</p>\r\n<h4 dir=\"ltr\">Termin wpłat i zgłoszeń:</h4>\r\n<p dir=\"ltr\">Wpłaty od graczy przyjmujemy DO WEEKENDU MAJOWEGO. Wpłata = zgłoszenie (co ma wpływ przy limicie miejsc!). &nbsp;Wpłacać można przelewem, lub got&oacute;wką na Pyrkonie.</p>\r\n<p dir=\"ltr\">Ankiety przyjmujemy do 15 maja!</p>\r\n<p dir=\"ltr\">Oczywiście ze strojami i postaciami pomagamy, bo jesteśmy miłą kadrą :)</p>\r\n<hr />\r\n<p dir=\"ltr\">&nbsp;</p>\r\n<h3 dir=\"ltr\">Co, gdzie i jak &ndash; fabularnie:</h3>\r\n<p dir=\"ltr\"><strong>Uniwersum</strong>: Biesiada odbywać się będzie w realiach gry World of Warcraft, tuż po zakończeniu dodatku Wrath of the Lich King (dla nerd&oacute;w: okolice prepatcha przed Cataclysmem - po Icecrown Citadel i Ruby Sanctum, a przed właściwym Cata). Nie jest wymagana idealna znajomość uniwersum, zapewniamy pomoc w tych podstawowych informacjach - na wydarzeniu będzie dostępne zar&oacute;wno kalendarium, jak i filmiki przybliżające ten świat.</p>\r\n<p dir=\"ltr\"><strong>Miejsce</strong>: Fabularnie spotykamy się w chatce położonej w g&oacute;rach otaczających Wzg&oacute;rza Hillsbrad - miejscu względnie bezpiecznym, mimo że położonym niemal na styku terytori&oacute;w Przymierza i Hordy.</p>\r\n<p dir=\"ltr\"><strong>Czas</strong>: P&oacute;ł roku po zakończeniu wojny na p&oacute;łnocy, gdy jej weterani doszli już do zdrowia, a świat zaczynają trawić nowe problemy. Fabularnie początek larpa będzie miał miejsce 8 lipca, w dzień urodzin marszałek Daquelii. (bardziej rozbudowane kalendarium wrzucamy r&oacute;wnolegle - i wcale nie jest skomplikowane!)</p>\r\n<p dir=\"ltr\"><strong>Pow&oacute;d</strong>: Biesiada jest de facto odpoczynkiem nie tylko od wojny, ale także od zaszczyt&oacute;w, kt&oacute;re od p&oacute;ł roku spływają na jej weteran&oacute;w. Nic więc dziwnego, że na jej miejscu pojawiają się towarzysze broni z P&oacute;łnocy pragnący chwili wytchnienia, ale także inni znajomi jubilatki (z obu niegdyś zwaśnionych oboz&oacute;w Przymierza i Hordy, między kt&oacute;rymi jednak zn&oacute;w zaczyna tlić się konflikt). Dopuszczamy też pewną ilość przypadkowych przybysz&oacute;w, kt&oacute;rzy znajdą się w chatce, chroniąc się przed&hellip; Czymś :D</p>',120,0,30,NULL,'71f4a42e3e4afa3f9be9de2075e613d2.png',0);
/*!40000 ALTER TABLE `event` ENABLE KEYS */;
UNLOCK TABLES;

--
-- Table structure for table `fos_user`
--

DROP TABLE IF EXISTS `fos_user`;
/*!40101 SET @saved_cs_client     = @@character_set_client */;
/*!40101 SET character_set_client = utf8 */;
CREATE TABLE `fos_user` (
  `id` int(10) unsigned NOT NULL AUTO_INCREMENT,
  `username` varchar(180) COLLATE utf8_unicode_ci NOT NULL,
  `username_canonical` varchar(180) COLLATE utf8_unicode_ci NOT NULL,
  `email` varchar(180) COLLATE utf8_unicode_ci NOT NULL,
  `email_canonical` varchar(180) COLLATE utf8_unicode_ci NOT NULL,
  `enabled` tinyint(1) NOT NULL,
  `salt` varchar(255) COLLATE utf8_unicode_ci DEFAULT NULL,
  `password` varchar(255) COLLATE utf8_unicode_ci NOT NULL,
  `last_login` datetime DEFAULT NULL,
  `confirmation_token` varchar(180) COLLATE utf8_unicode_ci DEFAULT NULL,
  `password_requested_at` datetime DEFAULT NULL,
  `roles` longtext COLLATE utf8_unicode_ci NOT NULL COMMENT '(DC2Type:array)',
  `profile_picture_path` varchar(255) COLLATE utf8_unicode_ci DEFAULT NULL,
  `description` varchar(255) COLLATE utf8_unicode_ci DEFAULT NULL,
  `name` varchar(255) COLLATE utf8_unicode_ci DEFAULT NULL,
  `date_of_birth` date DEFAULT NULL,
  `phone_number` varchar(45) COLLATE utf8_unicode_ci DEFAULT NULL,
  `emergency_phone` varchar(45) COLLATE utf8_unicode_ci DEFAULT NULL,
  `health_issues` varchar(1000) COLLATE utf8_unicode_ci DEFAULT NULL,
  `nourishment_issues` varchar(1000) COLLATE utf8_unicode_ci DEFAULT NULL,
  `created_date` datetime NOT NULL,
  PRIMARY KEY (`id`),
  UNIQUE KEY `UNIQ_957A647992FC23A8` (`username_canonical`),
  UNIQUE KEY `UNIQ_957A6479A0D96FBF` (`email_canonical`),
  UNIQUE KEY `UNIQ_957A6479C05FB297` (`confirmation_token`)
) ENGINE=InnoDB AUTO_INCREMENT=8 DEFAULT CHARSET=utf8 COLLATE=utf8_unicode_ci;
/*!40101 SET character_set_client = @saved_cs_client */;

--
-- Dumping data for table `fos_user`
--

LOCK TABLES `fos_user` WRITE;
/*!40000 ALTER TABLE `fos_user` DISABLE KEYS */;
INSERT INTO `fos_user` VALUES (1,'Hagin','hagin','j.kubala@sponsor.com.pl','j.kubala@sponsor.com.pl',1,NULL,'$2y$13$e09H/A/FUEKTQ6.eZP2JSucjiOaprqx7it6KcykJ15N.fKYT4OPOS','2018-06-12 12:31:34',NULL,NULL,'a:1:{i:0;s:10:\"ROLE_ADMIN\";}','dc93b2dadc61436c8c612b4b3ffa8a3b.jpeg','Behold the absolute power of Hagin Gimbleflux, master mechgineer!','Hagin Gimbleflux','1913-04-15','666777888','888777666',NULL,NULL,'2018-05-26 11:29:15'),(2,'Daquelia','daquelia','daq@lordaeron.com','daq@lordaeron.com',1,NULL,'$2y$13$4CMLJpOy9rju3nhVlFw8ie.cJj/3.GBabud6mbzehTf3SjED.SO2K','2018-06-11 18:46:26',NULL,NULL,'a:1:{i:0;s:10:\"ROLE_ADMIN\";}',NULL,NULL,NULL,NULL,NULL,NULL,NULL,NULL,'2018-05-26 11:29:15'),(3,'Komzurak','komzurak','duncan@zurak.com','duncan@zurak.com',1,NULL,'$2y$13$JJnn5Lv1/elFnwX4MzLjfOCRPtK8RBRT2XzqGwCRhXLUCkCxw5RXi','2018-06-11 18:46:06',NULL,NULL,'a:1:{i:0;s:10:\"ROLE_ADMIN\";}',NULL,NULL,NULL,NULL,NULL,NULL,NULL,NULL,'2018-05-26 11:29:15'),(4,'Greemo','greemo','sparkgrinder@goblinweb.ru','sparkgrinder@goblinweb.ru',1,NULL,'$2y$13$tDbQnioRgIJmSUZzjNM1duL0daQpsO0FSYw.pl4sOUABdNF97.JHG','2018-06-11 12:26:25',NULL,NULL,'a:0:{}','98c881f309b7c2d3a4e567e77eb3b516.jpeg','I\'m a filthy, nasty goblin. Kill me please.',NULL,NULL,NULL,NULL,NULL,NULL,'2018-05-26 13:45:15'),(5,'Bozon Gravibangs','bozon gravibangs','b.gravibangs@gnomeregan.com','b.gravibangs@gnomeregan.com',1,NULL,'$2y$13$FuKC.ovLZ7YovKkOpC.RVOhYwJPVHmqMKxPINgqKr/70ArSQxHGDy','2018-05-28 11:28:33',NULL,NULL,'a:0:{}','df03465a71b28348114f8a2ef481a788.jpeg',NULL,NULL,NULL,NULL,NULL,NULL,NULL,'2018-05-28 11:28:33'),(6,'Grani','grani','grani@aerie.com','grani@aerie.com',1,NULL,'$2y$13$hu7S3PGSedT7u3.cRtxwj.M1cvyct78aFvwqsr.KxuEci2cQ883Au','2018-05-30 13:33:27',NULL,NULL,'a:0:{}',NULL,NULL,NULL,NULL,NULL,NULL,NULL,NULL,'2018-05-30 13:33:27'),(7,'TestUser','testuser','test@example.com','test@example.com',1,NULL,'$2y$13$6aam2v8sbPoJdzlXXMpyHuYcKEj2iWujJIJbeMy7362O31DjNfI86','2018-06-11 23:13:20',NULL,NULL,'a:1:{i:0;s:13:\"ROLE_REDACTOR\";}','9d7e1fbc3ccd5e979534353e40c8e000.jpeg','Testowy użytkownik z uprawnieniami redaktora',NULL,NULL,NULL,NULL,NULL,NULL,'2018-06-10 15:34:35');
/*!40000 ALTER TABLE `fos_user` ENABLE KEYS */;
UNLOCK TABLES;

--
-- Table structure for table `group`
--

DROP TABLE IF EXISTS `group`;
/*!40101 SET @saved_cs_client     = @@character_set_client */;
/*!40101 SET character_set_client = utf8 */;
CREATE TABLE `group` (
  `id` int(11) NOT NULL AUTO_INCREMENT,
  `name` varchar(45) COLLATE utf8_unicode_ci NOT NULL,
  `official_description` varchar(1000) COLLATE utf8_unicode_ci DEFAULT NULL,
  `informations` mediumtext COLLATE utf8_unicode_ci,
  `quests` mediumtext COLLATE utf8_unicode_ci,
  `resources` varchar(5000) COLLATE utf8_unicode_ci DEFAULT NULL,
  PRIMARY KEY (`id`)
) ENGINE=InnoDB DEFAULT CHARSET=utf8 COLLATE=utf8_unicode_ci;
/*!40101 SET character_set_client = @saved_cs_client */;

--
-- Dumping data for table `group`
--

LOCK TABLES `group` WRITE;
/*!40000 ALTER TABLE `group` DISABLE KEYS */;
/*!40000 ALTER TABLE `group` ENABLE KEYS */;
UNLOCK TABLES;

--
-- Table structure for table `group_has_character`
--

DROP TABLE IF EXISTS `group_has_character`;
/*!40101 SET @saved_cs_client     = @@character_set_client */;
/*!40101 SET character_set_client = utf8 */;
CREATE TABLE `group_has_character` (
  `group_id` int(11) NOT NULL,
  `character_id` int(11) NOT NULL,
  PRIMARY KEY (`group_id`,`character_id`),
  KEY `IDX_ED36EC39FE54D947` (`group_id`),
  KEY `IDX_ED36EC391136BE75` (`character_id`),
  CONSTRAINT `FK_ED36EC391136BE75` FOREIGN KEY (`character_id`) REFERENCES `character` (`id`),
  CONSTRAINT `FK_ED36EC39FE54D947` FOREIGN KEY (`group_id`) REFERENCES `group` (`id`)
) ENGINE=InnoDB DEFAULT CHARSET=utf8 COLLATE=utf8_unicode_ci;
/*!40101 SET character_set_client = @saved_cs_client */;

--
-- Dumping data for table `group_has_character`
--

LOCK TABLES `group_has_character` WRITE;
/*!40000 ALTER TABLE `group_has_character` DISABLE KEYS */;
/*!40000 ALTER TABLE `group_has_character` ENABLE KEYS */;
UNLOCK TABLES;

--
-- Table structure for table `news`
--

DROP TABLE IF EXISTS `news`;
/*!40101 SET @saved_cs_client     = @@character_set_client */;
/*!40101 SET character_set_client = utf8 */;
CREATE TABLE `news` (
  `id` int(10) unsigned NOT NULL AUTO_INCREMENT,
  `creator_id` int(10) unsigned DEFAULT NULL,
  `modifier_id` int(10) unsigned DEFAULT NULL,
  `title` varchar(255) COLLATE utf8_unicode_ci NOT NULL,
  `modified_date` datetime DEFAULT NULL,
  `created_date` datetime NOT NULL,
  `summary` varchar(1000) COLLATE utf8_unicode_ci NOT NULL,
  `content` mediumtext COLLATE utf8_unicode_ci NOT NULL,
  `image_file` varchar(255) COLLATE utf8_unicode_ci DEFAULT NULL,
  `image_path` varchar(255) COLLATE utf8_unicode_ci DEFAULT NULL,
  PRIMARY KEY (`id`),
  KEY `fk_news_users1_idx` (`creator_id`),
  KEY `fk_news_users2_idx` (`modifier_id`),
  CONSTRAINT `FK_1DD39950D079F553` FOREIGN KEY (`modifier_id`) REFERENCES `fos_user` (`id`) ON DELETE SET NULL,
  CONSTRAINT `FK_1DD3995061220EA6` FOREIGN KEY (`creator_id`) REFERENCES `fos_user` (`id`) ON DELETE SET NULL
) ENGINE=InnoDB AUTO_INCREMENT=59 DEFAULT CHARSET=utf8 COLLATE=utf8_unicode_ci;
/*!40101 SET character_set_client = @saved_cs_client */;

--
-- Dumping data for table `news`
--

LOCK TABLES `news` WRITE;
/*!40000 ALTER TABLE `news` DISABLE KEYS */;
INSERT INTO `news` VALUES (10,1,1,'Zgłoszenia na Szepty Nawiedzonych Krain dobiegają końca','2018-06-11 13:20:00','2018-04-24 00:00:00','<p>Pozostały ostatnie dni, aby zgłosić się na letniego larpa! Do końca maja trzeba wpłacić zaliczkę.</p>','<p>Zaliczki oraz ankiety przyjmujemy MAKSYMALNIE DO DNIA DZIECKA (1.06.2018) Naprawdę, chcemy zająć się już planowaniem logistyki, a nie zastanawianiem się czy jedziecie, czy nie.<br /> Niewpłacona zaliczka bez ważnego powodu = brak gracza na larpie! Na ankiety czekamy r&oacute;wnież do tego terminu - po tym terminie nie będziecie mogli liczyć na aż tak dobre dostosowanie fabuły do Waszych potrzeb (np. Wasza postać nie będzie mi<span class=\"text_exposed_show\">ała tak mocnego związku z innymi i tak dużo wątk&oacute;w) <span class=\"_47e3 _5mfr\" title=\"Emotikon smile\"><img class=\"img\" src=\"https://static.xx.fbcdn.net/images/emoji.php/v9/f4c/1/16/1f642.png\" alt=\"\" width=\"16\" height=\"16\" /></span></span></p>\r\n<p>Informujemy r&oacute;wnież, że osoby kt&oacute;re przesłały ankiety niepełne (np bez historii postaci), zobowiązane są do wysłania kolejnej, pełnej ankiety. Nie przyjmujemy uzupełnień drogą mailową (z wyjątkiem drobnych poprawek - dodanie konkretnej plotki itd).</p>',NULL,'efc02d406aa5f324a6179dfb45225e98.jpg'),(57,1,1,'Byliśmy na Pyrkonie','2018-05-22 13:18:00','2018-05-22 13:18:00','<p>Pyrkon, Pyrkon i po Pyrkonie... Mieszkańcy Dalaranu stawili się na nim tłumnie, mana ładowała się sama, a tamtejsza atmosfera sprawia, że już kilka dni po Festiwalu tęsknimy za spotkanymi na nim ludźmi...</p>','<p>Pyrkon, Pyrkon i po Pyrkonie... Mieszkańcy Dalaranu stawili się na nim tłumnie, mana ładowała się sama, a tamtejsza atmosfera sprawia, że już kilka dni po Festiwalu tęsknimy za spotkanymi na nim ludźmi...</p>\r\n\r\n<p>Właśnie, a propos ludzi (i innych elf&oacute;w, ork&oacute;w itd)... Byliśmy niesamowicie zaskoczeni ilością rozpoznających nas fan&oacute;w Warcrafta, kt&oacute;rym za każde miłe słowo serdecznie dziękujemy!&nbsp;<br />\r\nZ wieloma osobami udało się nam też porozmawiać o nadchodzącym sierpniowym LARPie - na kt&oacute;rego raz jeszcze serdecznie zapraszamy - zgodnie z tym, co m&oacute;wiliśmy, więcej informacji o nim przekazujemy na priv&nbsp;</p>\r\n\r\n<p>A na zdjęciu (wraz z Citizensami i całą rzeszą innych cosplayer&oacute;w) jedna z kilku os&oacute;b, kt&oacute;re absolutnie zrobiły nam Pyrkon - Pani&nbsp;<a href=\"https://www.facebook.com/dominika.repeczko?fref=mentions\">Dominika Repeczko</a>, czyli nowy W&oacute;dz połączonych frakcji (co zresztą widać na załączonym obrazku)&nbsp;</p>',NULL,'c05c3479835061f9b4e029660d4b56e9.jpeg'),(58,1,2,'Ostatnie wolne miejsca na letniego larpa!','2018-06-11 18:47:22','2018-06-07 13:29:00','<p>Ostatnie, najostatniejsze już miejsca zostały, by dołączyć do nas i usłyszeć Szepty Nawiedzonych Krain podczas letniego larpa.</p>','<p style=\"margin-left: 0px; margin-right: 0px;\">Mieszkańcy Dalaranu!</p>\r\n<p style=\"margin-left: 0px; margin-right: 0px;\">Od jakiegoś czasu przewijają się tu wieści o LARPie, kt&oacute;ry organizujemy końcem sierpnia (23-26), a w czasie kt&oacute;rego przenosimy się w czasy Kataklizmu do Nawiedzonych Krain (Ghostlands)</p>\r\n<p style=\"margin-left: 0px; margin-right: 0px;\">Wiemy też, że co najmniej kilkoro z Was zastanawiało się, czy nie dołączyć do nas na tej epickiej wyprawie&nbsp;:)&nbsp;Także ten, chyba zostało Wam mało czasu, bo <strong>nam zostało już tylko kilka wolnych miejsc</strong>!</p>\r\n<p style=\"margin-left: 0px; margin-right: 0px;\">Jeśli bylibyście zainteresowani poszukiwaniem artefakt&oacute;w w szeregach Relikwiarzy bądź Ligi Odkrywc&oacute;w, zarabianiem kroci jako członkowie goblińskiego kartelu, czy też walką z przeciwną frakcją u boku wojownik&oacute;w Hordy lub Przymierza...<br /> Zapraszamy!</p>\r\n<p style=\"margin-left: 0px; margin-right: 0px;\">Gramy w południowej Polsce (okolice Żywca), zakwaterowanie w g&oacute;rach z dala od szeroko pojętej cywilizacji, w schronisku studenckim. W razie wątpliwości - jest to wyjazd organizowany \"przez znajomych dla znajomych\", więc nie czerpiemy z tego żadnych korzyści&nbsp;:)</p>\r\n<p style=\"margin-left: 0px; margin-right: 0px;\">Więcej info na priv i... do zobaczenia!&nbsp;:)</p>',NULL,'66111efd542fec6f35ae831507e2410e.jpeg');
/*!40000 ALTER TABLE `news` ENABLE KEYS */;
UNLOCK TABLES;

--
-- Table structure for table `news_has_tags`
--

DROP TABLE IF EXISTS `news_has_tags`;
/*!40101 SET @saved_cs_client     = @@character_set_client */;
/*!40101 SET character_set_client = utf8 */;
CREATE TABLE `news_has_tags` (
  `news_id` int(10) unsigned NOT NULL,
  `tag_id` int(10) unsigned NOT NULL,
  PRIMARY KEY (`news_id`,`tag_id`),
  KEY `IDX_7BDEEC28B5A459A0` (`news_id`),
  KEY `IDX_7BDEEC28BAD26311` (`tag_id`),
  CONSTRAINT `FK_7BDEEC28B5A459A0` FOREIGN KEY (`news_id`) REFERENCES `news` (`id`) ON DELETE CASCADE,
  CONSTRAINT `FK_7BDEEC28BAD26311` FOREIGN KEY (`tag_id`) REFERENCES `tag` (`id`) ON DELETE CASCADE
) ENGINE=InnoDB DEFAULT CHARSET=utf8 COLLATE=utf8_unicode_ci;
/*!40101 SET character_set_client = @saved_cs_client */;

--
-- Dumping data for table `news_has_tags`
--

LOCK TABLES `news_has_tags` WRITE;
/*!40000 ALTER TABLE `news_has_tags` DISABLE KEYS */;
INSERT INTO `news_has_tags` VALUES (10,26),(10,27),(10,30),(10,64),(10,65),(57,26),(57,33),(57,34),(57,64),(58,26),(58,27),(58,30),(58,64),(58,65);
/*!40000 ALTER TABLE `news_has_tags` ENABLE KEYS */;
UNLOCK TABLES;

--
-- Table structure for table `relationship`
--

DROP TABLE IF EXISTS `relationship`;
/*!40101 SET @saved_cs_client     = @@character_set_client */;
/*!40101 SET character_set_client = utf8 */;
CREATE TABLE `relationship` (
  `id` int(11) NOT NULL AUTO_INCREMENT,
  `character_1` int(11) DEFAULT NULL,
  `character_2` int(11) DEFAULT NULL,
  `type` varchar(255) COLLATE utf8_unicode_ci NOT NULL,
  `description` varchar(1000) COLLATE utf8_unicode_ci DEFAULT NULL,
  `description_to_1` varchar(1000) COLLATE utf8_unicode_ci DEFAULT NULL,
  `description_to_2` varchar(1000) COLLATE utf8_unicode_ci DEFAULT NULL,
  `visible_to_1` tinyint(1) NOT NULL,
  `visible_to_2` tinyint(1) NOT NULL,
  PRIMARY KEY (`id`),
  KEY `fk_character_has_character_character2_idx` (`character_2`),
  KEY `fk_character_has_character_character1_idx` (`character_1`),
  CONSTRAINT `FK_200444A05D6F805F` FOREIGN KEY (`character_1`) REFERENCES `character` (`id`),
  CONSTRAINT `FK_200444A0C466D1E5` FOREIGN KEY (`character_2`) REFERENCES `character` (`id`)
) ENGINE=InnoDB DEFAULT CHARSET=utf8 COLLATE=utf8_unicode_ci;
/*!40101 SET character_set_client = @saved_cs_client */;

--
-- Dumping data for table `relationship`
--

LOCK TABLES `relationship` WRITE;
/*!40000 ALTER TABLE `relationship` DISABLE KEYS */;
/*!40000 ALTER TABLE `relationship` ENABLE KEYS */;
UNLOCK TABLES;

--
-- Table structure for table `roles`
--

DROP TABLE IF EXISTS `roles`;
/*!40101 SET @saved_cs_client     = @@character_set_client */;
/*!40101 SET character_set_client = utf8 */;
CREATE TABLE `roles` (
  `id` int(11) NOT NULL AUTO_INCREMENT,
  `name` varchar(32) COLLATE utf8_unicode_ci NOT NULL,
  PRIMARY KEY (`id`)
) ENGINE=InnoDB AUTO_INCREMENT=3 DEFAULT CHARSET=utf8 COLLATE=utf8_unicode_ci;
/*!40101 SET character_set_client = @saved_cs_client */;

--
-- Dumping data for table `roles`
--

LOCK TABLES `roles` WRITE;
/*!40000 ALTER TABLE `roles` DISABLE KEYS */;
INSERT INTO `roles` VALUES (1,'USER'),(2,'ADMIN');
/*!40000 ALTER TABLE `roles` ENABLE KEYS */;
UNLOCK TABLES;

--
-- Table structure for table `tag`
--

DROP TABLE IF EXISTS `tag`;
/*!40101 SET @saved_cs_client     = @@character_set_client */;
/*!40101 SET character_set_client = utf8 */;
CREATE TABLE `tag` (
  `id` int(10) unsigned NOT NULL AUTO_INCREMENT,
  `name` varchar(128) COLLATE utf8_unicode_ci NOT NULL,
  PRIMARY KEY (`id`)
) ENGINE=InnoDB AUTO_INCREMENT=69 DEFAULT CHARSET=utf8 COLLATE=utf8_unicode_ci;
/*!40101 SET character_set_client = @saved_cs_client */;

--
-- Dumping data for table `tag`
--

LOCK TABLES `tag` WRITE;
/*!40000 ALTER TABLE `tag` DISABLE KEYS */;
INSERT INTO `tag` VALUES (26,'warcraft'),(27,'larp'),(29,'opowiadanie'),(30,'zgłoszenia'),(31,'crafting'),(32,'stroje'),(33,'Pyrkon'),(34,'foto'),(64,'Warcraft'),(65,'Szepty Nawiedzonych Krain'),(66,'Zorze Northrend'),(67,'Burze Hillsbrad'),(68,'W Obliczu Mroku');
/*!40000 ALTER TABLE `tag` ENABLE KEYS */;
UNLOCK TABLES;

--
-- Table structure for table `text`
--

DROP TABLE IF EXISTS `text`;
/*!40101 SET @saved_cs_client     = @@character_set_client */;
/*!40101 SET character_set_client = utf8 */;
CREATE TABLE `text` (
  `id` int(10) unsigned NOT NULL AUTO_INCREMENT,
  `title` varchar(255) COLLATE utf8_unicode_ci NOT NULL,
  `parent_title` varchar(255) COLLATE utf8_unicode_ci NOT NULL,
  `number` double NOT NULL,
  `content` mediumtext COLLATE utf8_unicode_ci NOT NULL,
  `img_description` varchar(1000) COLLATE utf8_unicode_ci DEFAULT NULL,
  `image_file` varchar(255) COLLATE utf8_unicode_ci DEFAULT NULL,
  `image_path` varchar(255) COLLATE utf8_unicode_ci DEFAULT NULL,
  PRIMARY KEY (`id`)
) ENGINE=InnoDB AUTO_INCREMENT=41 DEFAULT CHARSET=utf8 COLLATE=utf8_unicode_ci;
/*!40101 SET character_set_client = @saved_cs_client */;

--
-- Dumping data for table `text`
--

LOCK TABLES `text` WRITE;
/*!40000 ALTER TABLE `text` DISABLE KEYS */;
INSERT INTO `text` VALUES (1,'Definicja larpa','what_is_larp',1,'<p>Larp (z ang. <em>live action role playing</em>&nbsp;&ndash; gra w&nbsp;odgrywanie r&oacute;l na&nbsp;żywo)&nbsp;- wydarzenie, spotkanie graczy, aktywność na pograniczu gry i sztuki... Larp jest bardzo r&oacute;żnorodnym pojęciem i doczekał się wielu definicji. Trudno określić, kt&oacute;ra jest najlepsza. Oto kilka z nich:</p>\r\n<h5>Według Wikipedii</h5>\r\n<p>&bdquo;Aktywność na&nbsp;pograniczu gry i&nbsp;sztuki, podczas kt&oacute;rej uczestnicy wsp&oacute;lnie tworzą i&nbsp;przeżywają opowieść, odgrywając role podobnie do&nbsp;improwizowanego teatru. Akcja larpa może być osadzona zar&oacute;wno w&nbsp;świecie rzeczywistym, jak&nbsp;i&nbsp;fikcyjnym.&rdquo;</p>\r\n<h5>Według Oxford Dictionaries</h5>\r\n<p>&bdquo;Rodzaj gry w&nbsp;odgrywanie r&oacute;l podczas kt&oacute;rej uczestnicy fizycznie odgrywają scenariusze, zazwyczaj posługując się kostiumami oraz rekwizytami.&rdquo;</p>\r\n<h5>Według Konferencji Larpowej</h5>\r\n<p>&bdquo;Gra w&nbsp;larpy polega na&nbsp;wcielaniu się w&nbsp;postaci, podobnie jak&nbsp;w&nbsp;improwizowanym teatrze, oraz wsp&oacute;lnym tworzeniu i&nbsp;przeżywaniu opowieści, w&nbsp;kt&oacute;rej każdy uczestnik ma jakiś cel i&nbsp;rolę do&nbsp;odegrania.&rdquo;</p>\r\n<h5>Według Liveform</h5>\r\n<p>&bdquo;Wydarzenie społeczne, kt&oacute;rego uczestnicy wcielają się w&nbsp;role.&rdquo;</p>\r\n<h5>Według manifestu Dogma99</h5>\r\n<p>&bdquo;Larp jest spotkaniem ludzi, kt&oacute;rzy poprzez swoje role odnoszą się do&nbsp;siebie nawzajem w&nbsp;fikcyjnym świecie.&rdquo;</p>','<p><a href=\"https://www.flickr.com/photos/janestarz/37827764276/\" target=\"_blank\">\"</a><em><a href=\"https://www.flickr.com/photos/janestarz/37827764276/\" target=\"_blank\">Wilding Weekend: Watching\"</a>&nbsp;fot.&nbsp;<a href=\"https://www.flickr.com/photos/janestarz/\" target=\"_blank\">Jane Starz</a>&nbsp;/&nbsp;<a href=\"https://creativecommons.org/licenses/by-nc-nd/2.0/\" target=\"_blank\">CC BY-NC-ND 2.0</a></em></p>',NULL,'854459171257f69d585644cf6606b4dc.jpeg'),(2,'No to co to w końcu jest?','what_is_larp',2,'<p>Jak widać, larp nie jest czymś co można po prostu wyjaśnić. Można natomiast stwierdzić, że w larpie muszą się pojawić:</p>\r\n<ul>\r\n<li>gracze &ndash; ludzie istniejący w&nbsp;realnym świecie, biorący udział w&nbsp;larpie,</li>\r\n<li>postacie &ndash; role odgrywane przez graczy w&nbsp;ramach świata przedstawionego,&nbsp;ale reprezentowane przez ciała graczy,</li>\r\n<li>zbi&oacute;r zasad,</li>\r\n<li>określony początek,</li>\r\n<li>brak sztywnego scenariusza.</li>\r\n</ul>\r\n<p>Pogą pojawić się r&oacute;żnice w&nbsp;takich kwestiach jak&nbsp;np.&nbsp;użycie kostium&oacute;w, rekwizyt&oacute;w, świat przedstawiony i&nbsp;cele do&nbsp;odegrania,&nbsp;jednak wymienione powyżej elementy są wsp&oacute;lne</p>','<p><a href=\"https://www.flickr.com/photos/janestarz/7682654840/\" target=\"_blank\">\"Drachenfest 2012: On the field\"</a>&nbsp;fot.&nbsp;<a href=\"https://www.flickr.com/photos/janestarz/\" target=\"_blank\">Jane Starz</a>&nbsp;/&nbsp;<a href=\"https://creativecommons.org/licenses/by-nc-nd/2.0/\" target=\"_blank\">CC BY-NC-ND 2.0</a></p>',NULL,'d6a272e9300c1ae65523d8973a98118c.jpeg'),(3,'Czym larpy mogą się różnić?','types',1,'<p>Po pierwsze: czym w og&oacute;le larpy mogą się od&nbsp;siebie r&oacute;żnić? Rzec by można, że&nbsp;praktycznie wszystkim. Oto przykłady:</p>\r\n<ul>\r\n<li>czas trwania &ndash; bywają larpy godzinne czy kilkugodzinne, ale także i&nbsp;wielodniowe,</li>\r\n<li>lokacja &ndash; czyli miejsce odbywania się wydarzenia,</li>\r\n<li>ilość graczy &ndash; może ich być od&nbsp;kilku do&nbsp;nawet kilku tysięcy,</li>\r\n<li>świat przedstawiony (setting) &ndash; tu ogranicza nas jedynie wyobraźnia: może to być zar&oacute;wno świat realny (wsp&oacute;łczesny lub&nbsp;historyczny), jak&nbsp;i&nbsp;fantastyczny (wszelkie możliwe odmiany fantastyki),</li>\r\n<li>zasady (mechanika),</li>\r\n<li>obecność os&oacute;b nie będących graczami &ndash; w&nbsp;niekt&oacute;rych larpach występuje widownia, w&nbsp;niekt&oacute;rych nie,</li>\r\n<li>poziom określoności scenariusza &ndash; istnieją larpy o&nbsp;z&nbsp;g&oacute;ry ustalonym przebiegu części wydarzeń (choć nigdy w&nbsp;stu procentach) oraz takie, gdzie&nbsp;znamy tylko stan wyjściowy, a&nbsp;fabuła tworzy się podczas wydarzenia,</li>\r\n<li>uczestnictwo graczy w&nbsp;określaniu świata i&nbsp;postaci &ndash; w&nbsp;niekt&oacute;rych larpach gracze wsp&oacute;łtworzą swoje&nbsp;role, w&nbsp;innych otrzymują z&nbsp;g&oacute;ry określony opis,</li>\r\n<li>poziom realizmu &ndash; bywa bardzo r&oacute;żny, począwszy od tzw. symulacjonizmu (jak&nbsp;najwierniejsze odtworzenie fikcyjnej rzeczywistości<a id=\"ftnt_ref7\" href=\"#ftnt7\"></a>, np.&nbsp;poprzez rozbudowaną scenografię, kostiumy i&nbsp;rekwizyty oraz wykonywanie każdej akcji przez graczy w&nbsp;pełni realistycznie) do&nbsp;symbolizmu (przeciwne podejście &ndash; całkowita umowność w&nbsp;przedstawianiu fikcyjnej rzeczywistości, skupienie raczej na&nbsp;grze aktorskiej).</li>\r\n</ul>\r\n<p>W związku z&nbsp;tymi r&oacute;żnicami&nbsp;wyr&oacute;żniamy wśr&oacute;d larp&oacute;w pewne kategorie. Nie jest to jednak sztywny, zamkięty zbi&oacute;r, a&nbsp;jedynie pewne rozr&oacute;żnienie stosowane&nbsp;w środowisku.</p>',NULL,NULL,NULL),(4,'Larp terenowy','types',2,'<p>Larp terenowy (tzw. teren&oacute;wka) odbywa się na&nbsp;otwartej przestrzeni. Zwykle&nbsp;uczestniczy w nim duża liczba graczy (często od&nbsp;kilkudziesięciu do&nbsp;kilkuset), a kostiumy i scenografia są dość dopracowane. Podczas &bdquo;teren&oacute;wek&rdquo; popularnie używa się atrap broni. Najczęściej larpy terenowe mają długi czas trwania (od&nbsp;kilkunastu godzin do&nbsp;kilku dni).</p>\r\n<p>Do larp&oacute;w terenowych należą takie imprezy jak&nbsp;OldTown&nbsp;Festival czy Battle Quest.</p>','<p>Larp \"<em>Burze Hillsbrad</em>\", grupa Citizens of Dalaran. Gibas&oacute;wka, 2017. fot.&nbsp;M.&nbsp;Rzepecki.</p>',NULL,'810136f2676225a3ea87f738ecfea03d.jpeg'),(10,'Pisownia','what_is_larp',3,'<p>W tym miejscu czas na&nbsp;drobną uwagę dotyczącą pisowni. Akronim LARP pochodzi od&nbsp;angielskiego wyrażenia <em>live acting role-playing</em>. Na&nbsp;Konferencji Larpowej w&nbsp;2013 r. we Wrocławiu przyjęto pisownię &bdquo;larp&rdquo; w&nbsp;języku polskim &ndash; z&nbsp;małej litery jako rzeczownik pospolity. W&nbsp;roku 2014 Rada Języka Polskiego zaaprobowała taką pisownię<sup><a id=\"ftnt_ref4\" href=\"http://wierzba.wzks.uj.edu.pl/~15_kubala/licencjat/esej-larp.html#ftnt4\">[4]</a></sup>.Tak też będziemy tego wyrażenia używać.</p>',NULL,NULL,NULL),(12,'Jak wygląda larp?','what_is_larp',4,'<p>Jak to wygląda w&nbsp;praktyce?&nbsp;Na przykład tak:</p>\r\n<ol start=\"1\">\r\n<li>Zgłaszasz się na organizowane przez kogoś wydarzenie i najczęściej płacisz wpisowe.</li>\r\n<li>Zapoznajesz się z&nbsp;realiami &ndash; np.&nbsp;settingiem i mechaniką danego larpa (zob. <a href=\"../../larps/terms\" target=\"_blank\">pojęcia</a>).</li>\r\n<li>Otrzymujesz karty postaci &ndash; swoją rolę w&nbsp;formie spisanej karty, z&nbsp;opisem np.&nbsp;charakteru postaci, jej cel&oacute;w oraz posiadanych informacji.</li>\r\n<li>Charakteryzacja &ndash; nie we wszystkich larpach, ale często&nbsp;będzie trzeba skompletować kostiumy i&nbsp;rekwizyty.</li>\r\n<li>Rozpoczęcie larpa &ndash; gracze &bdquo;zmieniają się&rdquo; z&nbsp;siebie w&nbsp;odgrywane postacie, czyli zaczynają się zachowywać i&nbsp;odnosić do&nbsp;siebie&nbsp;tak, jak&nbsp;to wynika z ich r&oacute;l.</li>\r\n<li>Interakcja z&nbsp;innymi graczami&nbsp;- rozmowy, wymiana informacji, walki, spiski itp.</li>\r\n<li>Zakończenie (gracze zn&oacute;w &bdquo;stają się&rdquo; sobą) i&nbsp;om&oacute;wienie larpa.</li>\r\n</ol>\r\n<p>Dosyć dobrze obrazuje to filmik czeskiej grupy larpowej&nbsp;<em>Court of Moravia:</em></p>\r\n<div class=\"videoWrapper mb-2\"><iframe src=\"http://www.youtube.com/embed//Ej0mJyjbMfw\" width=\"560\" height=\"349\" frameborder=\"0\" allowfullscreen=\"\"></iframe></div>','<p><a href=\"https://www.flickr.com/photos/ara-maye/5891961882/\" target=\"_blank\">\"Odyssey: The second manual\"</a>, fot.&nbsp;<a style=\"box-sizing: border-box; color: #007bff; text-decoration-line: none; background-color: transparent;\" href=\"https://www.flickr.com/photos/ara-maye/\" target=\"_blank\">Ara Maye</a>&nbsp;on Flickr /&nbsp;<a style=\"box-sizing: border-box; color: #007bff; text-decoration-line: none; background-color: transparent;\" href=\"https://creativecommons.org/licenses/by-nc/2.0/\" target=\"_blank\">CC BY-NC 2.0</a></p>',NULL,'ee54006056e9fdecaa78b32b0d8b434e.jpeg'),(13,'Chamber','types',3,'<p>Chamber (zwany także chamberlarp lub&nbsp;pokoj&oacute;wka) odbywa się się w&nbsp;zamkniętej przestrzeni (zwykle jedno lub&nbsp;kilka pomieszczeń). Charakteryzuje się małą liczbą graczy (średnio kilkunastu) i&nbsp;kr&oacute;tkim (kilka godzin) czasem trwania.</p>\r\n<p>Jest to rodzaj larpa popularny szczeg&oacute;lnie w&nbsp;dużych miastach oraz na&nbsp;konwentach fantastycznych.&nbsp;Zgłoszenia są zbierane albo na&nbsp;dłuższy czas przed chamberem, albo praktycznie w&nbsp;dzień imprezy. Co za tym idzie, &bdquo;pokoj&oacute;wki&rdquo;&nbsp;mają albo bardzo rozbudowaną, albo zupełnie minimalistyczną scenografię i&nbsp;kostiumy. Postacie i&nbsp;realia są najczęściej ustalone i&nbsp;przygotowane przez tw&oacute;rcę chambera.</p>\r\n<p>Przykładami chamber&oacute;w mogą być larpy odbywające się na&nbsp;konwentach i&nbsp;festiwalach, takich jak&nbsp;np.&nbsp;Pyrkon, Polcon czy Copernicon.</p>','<p>Larp \"W obliczu mroku\", grupa Citizens of Dalaran. Tarn&oacute;w Jezierny, 2017.</p>',NULL,'b665b22a2cd7ba235c780b62310ef733.jpeg'),(14,'Freeform','types',4,'<p>Ten rodzaj larp&oacute;w charakteryzuje się dużą dowolnością w&nbsp;konstrukcji scenariusza, prowadzeniu&nbsp;i opisie postaci. Freeformy mają wiele w&nbsp;sobie sporo cech teatru, jak&nbsp;na&nbsp;przykład: udział widowni, podział na&nbsp;sceny, skupienie na&nbsp;grze aktorskiej. Wiele wydarzeń tego rodzaju skupia się na&nbsp;aktualnych problemach i&nbsp;stara się przede wszystkim dostosować formę do&nbsp;swojej treści.</p>','<p>\"Next Stop: Kymlinge\", fot.&nbsp;<a href=\"https://www.flickr.com/photos/johannesaxner\" target=\"_blank\">Johannes Axner</a> on Flickr, CC BY</p>',NULL,'b5485c57b84947abd0c3dc5eb830dad0.jpeg'),(15,'Jeepform','types',5,'<p>Duński rodzaj freeform&oacute;w nastawiony na&nbsp;łamanie zasad w&nbsp;konstrukcji gier. W&nbsp;jeepformie prowadzący (pełniący jakby funkcję &bdquo;reżysera&rdquo;) wsp&oacute;lnie z&nbsp;uczestnikami (aktorami) opowiada jakąś historię. Ten rodzaj larp&oacute;w nie wymaga żadnych dekoracji i&nbsp;rekwizyt&oacute;w, a&nbsp;nawet unika ich, aby nie krępować wyobraźni uczestnik&oacute;w. Łamie się klasyczne zasady jedności czasu, miejsca i&nbsp;akcji, a&nbsp;pojedyncza postać w&nbsp;r&oacute;żnych scenach może być grana przez r&oacute;żnych graczy.</p>','<p>Zdjęcie pochodzi ze słowackiego Jeepa&nbsp;<strong>Dwa Światy</strong>&nbsp;stworzonego przez Tom&aacute;&scaron;a Kozl&iacute;ka, cytat za&nbsp;<a href=\"http://polter.pl/larp/Czas-na-Jeepform-c21895\" target=\"_blank\">Polter.pl</a></p>',NULL,'0e05ce11ec2e0c5ded892fa112a90611.jpeg'),(16,'Larp anglosaski czy nordycki?','types',6,'<p>Jeszcze jednym rozr&oacute;żnieniem jest podział na&nbsp;larpy nordyckie (bądź skandynawskie) i&nbsp;anglosaskie. Nazwy te biorą się od&nbsp;region&oacute;w, gdzie te&nbsp;gatunki są najpopularniejsze.</p>\r\n<p><strong>Larpy anglosaskie</strong> nastawione są przede wszystkim na&nbsp;rozrywkę i&nbsp;wsp&oacute;łzawodnictwo między graczami, a&nbsp;fabuła zorientowana jest na&nbsp;osiągnięcie przez graczy swoich indywidualnych cel&oacute;w (najczęściej sprzecznych z&nbsp;innymi graczami) przy użyciu sprytu, zdolności fizycznych czy perswazji. Sekrety poszczeg&oacute;lnych postaci są trzymane w&nbsp;sekrecie przed innymi graczami, często&nbsp;walczy się też atrapami broni. Na&nbsp;larpach anglosaskich najczęściej&nbsp;wolno odbiegać od&nbsp;fabuły &bdquo;na stronie&rdquo;, czyli chwilowo przerywać odgrywanie roli (tzw. offtop).</p>\r\n<p><strong>Larpy nordyckie</strong>, w&nbsp;przeciwieństwie do nich, kładą nacisk na&nbsp;wartość artystyczną i&nbsp;wczucie w&nbsp;postać.&nbsp;Są zwykle mocno&nbsp;teatralne i&nbsp;emocjonalne, mają&nbsp;dopracowane kostiumy i&nbsp;scenografię. Walka i&nbsp;mechanika sprowadzają się najczęściej do&nbsp;minimum, a&nbsp;utrzymywanie cel&oacute;w swojej postaci w&nbsp;tajemnicy przed graczami nie jest konieczne. Na&nbsp;larpach nordyckich przeważnie unika się wychodzenia z&nbsp;roli nawet na&nbsp;chwilę.</p>','<p>Larp nordycki Terra Incognita - <a href=\"https://www.flickr.com/photos/johannesaxner/8656646644/in/album-72157633245334112/\" target=\"_blank\">\"Coffee before breakfest\"</a>, fot.&nbsp;<a href=\"https://www.flickr.com/photos/johannesaxner/\" target=\"_blank\">Johannes Axner</a> on Flickr /&nbsp;<a href=\"https://creativecommons.org/licenses/by-nc/2.0/\" target=\"_blank\">CC BY-NC 2.0</a></p>',NULL,'cfadb1aa24acae5d45f985589d306d13.jpeg'),(17,'Larpowa terminologia','terms',1,'<p>Każda dziedzina życia człowieka wytwarza po jakimś czasie własny slang, żargon, terminologię. Nie inaczej jest z larpami - jako zupełnie nowy rodzaj rozrywki, a&nbsp;także obiekt badań naukowych i&nbsp;ciągłych poszukiwań,&nbsp;r&oacute;wnież mają trochę własnych pojęć. Poniżej staram się kilka z nich wyjaśnić.</p>',NULL,NULL,NULL),(18,'Gracz a postać','terms',2,'<p>Żeby zrozumieć&nbsp;larpa, trzeba rozr&oacute;żnić gracza i&nbsp;postać.</p>\r\n<p><strong>Graczem</strong> jest realnie istniejący człowiek,&nbsp;kt&oacute;ry jest jednocześnie reżyserem, aktorem i&nbsp;widzem.</p>\r\n<p><strong>Postać</strong> to rola odgrywana przez gracza.&nbsp;W zasadzie jest to zbi&oacute;r pewnych cech i&nbsp;informacji, kt&oacute;ry m&oacute;wi nam, jak odnosimy się do innych grzaczy.&nbsp;</p>\r\n<p>Gracz powinien rozr&oacute;żniać cechy i&nbsp;wiedzę, kt&oacute;re posiada on, od&nbsp;tych posiadanych przez jego postać (zwłaszcza jeśli wie rzeczy, kt&oacute;rych jego postać nie ma prawa wiedzieć).&nbsp;Z drugiej jednak strony, celem larpa najczęściej jest nie udawanie danej postaci, a&nbsp;faktyczne &bdquo;stawanie się&rdquo; nią, gra w&nbsp;tożsamość, a&nbsp;nie granie r&oacute;l.</p>','<p><span id=\"docs-internal-guid-80f6e457-ee9c-9e88-3963-48744926d242\">U g&oacute;ry: LARP &ldquo;W Obliczu Mroku&rdquo;, Tarn&oacute;w Jezierny<br />U dołu: <a href=\"https://hipnosworld.deviantart.com/art/Seven-Nations-689078073\" target=\"_blank\">\"Seven Nations\"</a>, ilustracja postaci z gry World of Warcraft,&nbsp;<a href=\"https://hipnosworld.deviantart.com/\" target=\"_blank\">Hipnosworld</a> on Deviantart</span></p>',NULL,'aac155503cbb6f21a73bebd710e1822e.jpeg'),(19,'Immersja','terms',3,'<p>Immersją (z łac. <em>immergo</em>&nbsp;&ndash; zanurzam) nazywa się w&nbsp;larpach stan wczucia się w&nbsp;świat przedstawiony i utożsamienie z&nbsp;odgrywaną postacią. Im większa immersja, tym silniejsze wrażenie realizmu odgrywanej postaci, świata i fabuły.</p>\r\n<p>Duża immersjai jest najczęściej w&nbsp;larpie pożądana, a&nbsp;niekiedy jest wręcz jego celem (zwłaszcza w&nbsp;larpach nordyckich). Budowaniu immersji służą kostiumy, rekwizyty i&nbsp;dekoracje, ale także czas, dobra konstrukcja scenariusza, zaangażowanie uczestnika czy poziom jego zmęczenia.</p>','<p>Larp \"Elfia\",&nbsp;Haarzuilen, Holandia. fot. <a href=\"https://www.flickr.com/photos/qsimple/\" target=\"_blank\">Qsimple</a>&nbsp;on Flickr /&nbsp;<a href=\"https://creativecommons.org/licenses/by-nc/2.0/\" target=\"_blank\">CC BY-NC 2.0</a></p>',NULL,'7773ba195153338f0129148e260b8d8d.jpeg'),(20,'Bleed','terms',4,'<p>Zjawisko bleedu (z ang. krwawienie) jest powiązane z&nbsp;immersją i&nbsp;oznacza przenikanie się cech i&nbsp;emocji postaci i&nbsp;gracza. Wtedy zaciera się granica między graczem a&nbsp;odgrywaną rolą. Można wyr&oacute;żnić:</p>\r\n<ul>\r\n<li>bleed in &ndash; z&nbsp;gracza na&nbsp;postać (np.&nbsp;postać odgrywana przez zaspanego gracza najprawdopodobniej r&oacute;wnież będzie zaspana),</li>\r\n<li>bleed out &ndash; z&nbsp;postaci na&nbsp;gracza (np.&nbsp;jeśli dana postać będzie notorycznie znieważana przez inną, to istnieje ryzyko że&nbsp;gracz odgrywający ją będzie odczuwać negatywne emocje w&nbsp;stosunku do&nbsp;gracza odgrywającego jej antagonistę).</li>\r\n</ul>','<p>&nbsp;Larp \"Keltfest\", Holandia. fot.&nbsp;<a href=\"https://www.flickr.com/photos/qsimple/\" target=\"_blank\">Qsimple</a>&nbsp;on Flickr /&nbsp;<a href=\"https://creativecommons.org/licenses/by-nc/2.0/\" target=\"_blank\">CC BY-NC 2.0</a></p>',NULL,'42f23eb1baa4c7d591ad0c39c38e23a0.jpeg'),(21,'Mechanika','terms',5,'<p>Mechanika to wszystko to, co pozwala graczom uzupełnić świat przedstawiony w&nbsp;larpie o&nbsp;elementy, kt&oacute;rych nie da się odtworzyć w&nbsp;pełni ze względu na&nbsp;prawa fizyki, zasady bezpieczeństwa, prawo, możliwości techniczne lub&nbsp;jakiekolwiek inne ograniczenia.&nbsp;</p>\r\n<p>Przykłady tego, co może reprezentować mechanika:</p>\r\n<ul>\r\n<li>walka,</li>\r\n<li>zaawansowana technologia,</li>\r\n<li>zbliżenia miłosne,</li>\r\n<li>skrajne wycieńczenie,</li>\r\n<li>śmierć postaci.</li>\r\n</ul>\r\n<p>Stosowane w&nbsp;takich przypadkach mechaniki mogą obejmować np.&nbsp;walkę atrapami broni, mini-gry (np.&nbsp;w&nbsp;kości lub&nbsp;kamień-papier-nożyce) do&nbsp;rozsądzania spornych sytuacji czy rzucanie zaklęć poprzez krzyczenie ich formuł i&nbsp;odgrywanie gest&oacute;w.</p>\r\n<p>Bywa&nbsp;jednak, że zamiast rozbudowanej mechaniki stosuje się mechaniki minimalistyczne, np.&nbsp;DKWDDK (z niem. <em>Du Kannst Was Du Darstellen Kannst</em>&nbsp;&ndash; potrafisz to, co potrafisz pokazać) lub&nbsp;DKWDK (z niem. <em>Du Kannst Was Du Kannst</em>&nbsp;&ndash; potrafisz to, co potrafisz).</p>\r\n<p>Prawie zawsze nad przebiegiem rozgrywki czuwa osoba tzw. mistrza gry (bądź kilku), kt&oacute;ry rozstrzyga sporne kwestie, decyduje w&nbsp;kwestiach wynikających z&nbsp;mechaniki i&nbsp;odpowiada na&nbsp;ewentualne pytania graczy spoza fabuły.</p>\r\n<p>Można natknąć się zar&oacute;wno na&nbsp;larpy o&nbsp;mechanice niezwykle rozbudowanej, jak&nbsp;i&nbsp;takie, gdzie jest ona ograniczona do&nbsp;minimum.&nbsp;Zależy to zależy od&nbsp;tw&oacute;rcy i&nbsp;powinno być podyktowany celem gry. Nie każda gra fabularna&nbsp;ma na celu osiągnięcia tego samego. Według jednej z teorii, można podzielić je na&nbsp;3 kategorie:</p>\r\n<ul>\r\n<li>&bdquo;Game&rdquo; &ndash; celem gry jest umożliwienie graczom wsp&oacute;łzawodnictwa z&nbsp;innymi poprzez spryt, taktyczne myślenie, umiejętności fizyczne itp.</li>\r\n<li>&bdquo;Drama&rdquo; &ndash; celem gry jest stworzenie jak&nbsp;najciekawszej historii o&nbsp;dobrej fabule i&nbsp;głębokim znaczeniu.</li>\r\n<li>&bdquo;Simulation&rdquo; &ndash; celem gry jest jak&nbsp;najwierniejsze odtworzenie świata przedstawionego, zadbanie o&nbsp;sp&oacute;jność wydarzeń i&nbsp;ich wiarygodność&nbsp;w realiach świata przedstawionego.</li>\r\n</ul>\r\n<p>Jak nietrudno się domyślić, rozbudowana mechanika będzie towarzyszyć grom szczeg&oacute;lnie pierwszego typu.</p>','<p>Pyrkon 2017, Citizens of Dalaran</p>',NULL,'487537667f2d9e77a88834ebe1a4e1fb.jpeg'),(22,'Bezpieczna broń','terms',6,'<p>Do symulacji&nbsp;walk pomiędzy graczami, na&nbsp;wielu larpach stosuje się atrapy broni.</p>\r\n<p>W&nbsp;przypadku broni białej są to tzw. &bdquo;otuliniaki&rdquo;, czyli broń wykonana z&nbsp;tworzywa sztucznego (polipropylen owinięty otuliną bądź lateks).</p>\r\n<p>Broń palna zastępowana jest najczęściej przy pomocy ASG (z ang. <em>air soft gun</em>) &ndash; broni wystrzeliwującej plastikowe kulki przy pomocy sprężonego powietrza.</p>','<p><a href=\"https://www.flickr.com/photos/stephendann/8571187217/\" target=\"_blank\">\"Battles of Balgranth | The Bandit Plight\"</a>. fot.&nbsp;<a style=\"box-sizing: border-box; color: #007bff; text-decoration-line: none; background-color: transparent;\" href=\"https://www.flickr.com/photos/stephendann/\" target=\"_blank\">Stephen Dann</a>&nbsp;on Flickr /&nbsp;<a style=\"box-sizing: border-box; color: #007bff; text-decoration-line: none; background-color: transparent;\" href=\"https://creativecommons.org/licenses/by-nc/2.0/\" target=\"_blank\">CC BY-NC 2.0</a></p>',NULL,'5b4ad4bf695b2b66e64a5c9870457da1.jpeg'),(23,'Wstążki i słowa bezpieczeństwa','terms',7,'<p>Ważnym elementem mechanik larpowych, stosowanym obecnie w&nbsp;wielu larpach, są tzw. słowa i&nbsp;wstążki bezpieczeństwa, stworzone w&nbsp;celu zagwarantowania graczom komfortu i&nbsp;bezpieczeństwa. Niekiedy w&nbsp;toku interakcji pomiędzy postaciami dochodzi do&nbsp;sytuacji, kt&oacute;re przestają być komfortowe dla odgrywających je graczy (np.&nbsp;przedstawiające przemoc bądź zbliżenie fizyczne). Aby przekazać innemu graczowi komunikat dotyczący swojego komfortu w&nbsp;odgrywanej sytuacji (bez konieczności wychodzenia z&nbsp;granej roli), gracz może użyć jednego ze sł&oacute;w bezpieczeństwa:</p>\r\n<ul>\r\n<li>&bdquo;Red&rdquo; &ndash; jest prośbą o&nbsp;natychmiastowe przerwanie odgrywanej sceny i&nbsp;rozejście się,</li>\r\n<li>&bdquo;Yellow&rdquo; &ndash; jest prośbą o&nbsp;nieco łagodniejsze odgrywanie roli bądź nie zwiększanie zaangażowania,</li>\r\n<li>&bdquo;Green&rdquo; &ndash; jest natomiast prośbą o&nbsp;nie krępowanie się i&nbsp;intensywniejsze odgrywanie sceny.</li>\r\n</ul>\r\n<p>Pr&oacute;cz tego, czasami jeszcze przed rozpoczęciem larpa poleca się graczom przypięcie wstążki w&nbsp;określonym kolorze, określającej ich preferencje co&nbsp;do&nbsp;interakcji z&nbsp;innymi graczami. Wstążki oznaczają kolejno:</p>\r\n<ul>\r\n<li>czerwona &ndash; gracz nie życzy sobie jakiegokolwiek dotyku ze strony pozostałych,</li>\r\n<li>ż&oacute;łta &ndash; gracz akceptuje tylko takie interakcje, kt&oacute;re nie narażają jego komfortu,</li>\r\n<li>zielona &ndash; gracz jest got&oacute;w na&nbsp;wszystkie interakcje.</li>\r\n</ul>\r\n<p>Do dobrego tonu należy respektowanie powyższych komunikat&oacute;w bez żądania dodatkowych wyjaśnień.</p>','<p>Larp <a href=\"http://creatioexnihilo.org/smierc-w-drodze-do-wiednia_galeria/nggallery\" target=\"_blank\">\"Śmierć w drodze do Wiednia\"</a>, Krak&oacute;w 2016, <a href=\"http://creatioexnihilo.org/\" target=\"_blank\">Creatio ex Nihilo</a>, fot. Marcin W&oacute;jcik</p>',NULL,'40d9edfba61cf16acd0dad157f744c21.jpeg'),(24,'Setting','terms',8,'<p>Setting&nbsp;to czas i&nbsp;miejsce narracji &ndash; realia świata przedstawionego. Może on być zar&oacute;wno rzeczywisty (wsp&oacute;łczesny lub&nbsp;historyczny) jak&nbsp;i&nbsp;fikcyjny. Właściwie tylko wyobraźnia tw&oacute;rcy ogranicza możliwości eksperymentowania&nbsp;w tej dziedzinie. Dużym powodzeniem cieszą się settingi inspirowane klasykami fantasy (np.&nbsp;oparte na&nbsp;dziełach J.R.R. Tolkiena lub&nbsp;grach z&nbsp;serii Warhammer). Opr&oacute;cz tego, można spotkać wiele larp&oacute;w w&nbsp;settingach science-fiction lub&nbsp;historycznych, a także larpy z&nbsp;akcją osadzoną we wsp&oacute;łczesnym, rzeczywistym świecie.</p>','<p style=\"box-sizing: border-box; margin-top: 0px; margin-bottom: 1rem;\">Elf Fantasy Fair,&nbsp;Haarzuilen 2013, Holandia. fot.&nbsp;<a style=\"box-sizing: border-box; color: #007bff; text-decoration: none; background-color: transparent;\" href=\"https://www.flickr.com/photos/qsimple/\" target=\"_blank\">Qsimple</a>&nbsp;on Flickr /&nbsp;<a style=\"box-sizing: border-box; color: #007bff; text-decoration: none; background-color: transparent;\" href=\"https://creativecommons.org/licenses/by-nc/2.0/\" target=\"_blank\">CC BY-NC 2.0</a></p>',NULL,'626e2aa036717d76d4b57a0ae700456c.jpeg'),(25,'Wstęp do historii','history',1,'<p>Żeby odkryć, z jakimi innymi zjawiskami wiążą się larpy, dobrze przyjrzeć się ich&nbsp;historii. Jak&nbsp;się okazuje, trudno określić w&nbsp;niej konkretny początek. Larpy bowiem mają swoich przodk&oacute;w w&nbsp;wielu r&oacute;żnych miejscach.</p>',NULL,NULL,NULL),(26,'Larpowa prehistoria','history',2,'<p>Na długo zanim ktokolwiek wymyślił nazwę &bdquo;larp&rdquo;, ludzie bawili się w&nbsp;odgrywanie r&oacute;l. W&nbsp;zasadzie można&nbsp;powiedzieć, że&nbsp;dzieje się to od&nbsp;zarania ludzkości &ndash; już prehistoryczne dzieci bawiły się w&nbsp;polowanie, grając role swoich rodzic&oacute;w zdobywających pożywienie.</p>\r\n<p>Spośr&oacute;d r&oacute;żnych&nbsp;zjawisk w&nbsp;historii, kt&oacute;re w&nbsp;jakimś sensie wpłynęły na&nbsp;powstanie larp&oacute;w, warto wymienić choć kilka.</p>\r\n<ul>\r\n<li>Naumachia &ndash; inscenizacje bitew morskich w&nbsp;rzymskich amfiteatrach można w&nbsp;jakimś sensie uznać za pierwsze larpy bitewne. Skazańcy, biorący najczęściej udział w&nbsp;takich &bdquo;przedstawieniach&rdquo; wcielali się w&nbsp;role marynarzy wrogich flotylli, zaś przebieg i&nbsp;wynik bitwy nie był z&nbsp;początku znany. Oczywiście, w&nbsp;por&oacute;wnaniu z&nbsp;dzisiejszymi larpami bitewnymi, był to dosyć brutalny rodzaj zabawy &ndash; uczestnicy nie brali w&nbsp;niej udziału dobrowolnie i&nbsp;przeważnie wszyscy ginęli.</li>\r\n<li>Commedia dell&rsquo;arte &ndash; powstała w&nbsp;XVI wieku we Włoszech forma teatralna wprowadzała innowację: improwizację aktor&oacute;w. Podlegała ona pewnym ograniczeniom &ndash; punktem wyjścia był scenariusz. Improwizacja w&nbsp;teatrze na&nbsp;większą skalę powr&oacute;ciła dopiero w&nbsp;XX wieku, stanowiąc część genezy larp&oacute;w<span style=\"font-size: xx-small;\">.</span></li>\r\n<li>Kriegsspiel &ndash; wielokrotnie w&nbsp;historii używano gier z&nbsp;odgrywaniem r&oacute;l w&nbsp;celach edukacyjnych i&nbsp;ćwiczebnych. W&nbsp;1812 roku do&nbsp;szkolenia oficer&oacute;w w&nbsp;armii pruskiej wprowadzono narzędzie nazywane Kriegsspiel, kt&oacute;re możemy uznać za pierwowz&oacute;r wsp&oacute;łczesnych stołowych gier bitewnych. Z&nbsp;początku używano rozbudowanego systemu zasad stworzonego przez Georga von Reiswitza, jednak był on niewygodny, a&nbsp;starcia trwały bardzo długo. Dlatego w&nbsp;1876 roku, gen. Julius von Verdy du Vernois wpadł na&nbsp;pomysł odejścia od&nbsp;sztywnych zasad i&nbsp;powierzenia decyzji o&nbsp;rozstrzygnięciach akcji na&nbsp;planszy w&nbsp;ręce doświadczonego oficera pełniącego funkcję mistrza gry. Pozwoliło to na&nbsp;zmniejszenie liczby zasad i&nbsp;przyspieszenie rozgrywki. Pruskie gry bitewne można więc uznać za gry z&nbsp;wcielaniem się w&nbsp;rolę, gdzie przebieg rozgrywki zależy od&nbsp;decyzji graczy i&nbsp;mistrza gry.</li>\r\n</ul>','<p><em>\"Naumachia w Rzymie\"</em> - mal. Ulpiano Checca / Public domain</p>',NULL,'732c60e2ab7c2ef139d04ca1d98f0486.png'),(27,'Początki larpów w XX wieku','history',3,'<p>Przejdźmy do&nbsp;XX wieku, kt&oacute;ry zapisał się w&nbsp;historii jako wiek narodzin larpa. Od&nbsp;początku stulecia pojawiają się zjawiska, coraz bardziej przypominające larpy znane dziś.</p>\r\n<p>W latach 20. amerykański psychoterapeuta Jacob L. Moreno tworzy&nbsp;<strong>psychodramę</strong>. W&nbsp;tej stosowanej do&nbsp;dziś metodzie, uczestnicy odgrywają zaimprowizowane sytuacje, wcielając się w&nbsp;role. Rozegranie w&nbsp;bezpiecznych warunkach sytuacji trudnej i&nbsp;problemowej, pozwala na&nbsp;lepsze zrozumienie siebie i&nbsp;innych oraz poradzenie sobie z&nbsp;trudnościami psychicznymi.</p>\r\n<p>W 1941 magazyn Life opisuje klub organizujący spotkania, na&nbsp;kt&oacute;rych gracze wcielają się w&nbsp;role władc&oacute;w fikcyjnej planety Atzor. Choć nie wiadomo, czy klub ten istniał rzeczywiście, według artykułu miał zrzeszać ok. 400 młodych mieszkańc&oacute;w Nebraski, używających do&nbsp;swojego hobby kostium&oacute;w, figurek żołnierzy, waluty, a&nbsp;nawet słownika opisującego język planety Atzor<span style=\"font-size: xx-small;\">.</span></p>\r\n<p>Kolejnym ciekawym wydarzeniem było powstanie w&nbsp;Kalifornii w&nbsp;1966 roku <strong>Towarzystwa Kreatywnego Anachronizmu</strong>. Grupa student&oacute;w, z&nbsp;początku planująca zorganizować tylko jednorazowy turniej rycerski, częściowo dla zabawy, a&nbsp;częściowo jako rodzaj buntu wobec szarej, wsp&oacute;łczesnej rzeczywistości, przerodziła się w&nbsp;istniejącą do&nbsp;dziś organizację, odgrywającą alternatywną wersję historii średniowiecznej.</p>\r\n<p>Kamieniem milowym w&nbsp;historii gier fabularnych było powstanie systemu RPG <strong>Dungeons &amp; Dragons</strong> w&nbsp;1974 roku, przez wielu uważanego za prekursora gatunku. I choć nieodłączny związek larp&oacute;w z&nbsp;grami RPG (zwłaszcza w&nbsp;Polsce) jest coraz częściej kwestionowany, jednak w&nbsp;skali globalnej trudno nie zauważyć wpływu tego wydarzenia na&nbsp;larpy.</p>','<p>Sesja RPG w Dungeons &amp; Dragons,&nbsp;<a href=\"https://www.flickr.com/photos/brimley/3641771037/\" target=\"_blank\">\"World\'s End, second session\"</a> fot.&nbsp;<a href=\"https://www.flickr.com/photos/brimley\" target=\"_blank\">Alison Warner</a> on Flickr /&nbsp;<a style=\"box-sizing: border-box; color: #007bff; text-decoration-line: none; background-color: transparent;\" href=\"https://creativecommons.org/licenses/by-nc/2.0/\" target=\"_blank\">CC BY-NC 2.0</a></p>',NULL,'b3c20963c134b19421ae2f3b37b68ef7.jpeg'),(28,'Pierwsze pełnoprawne larpy','history',4,'<p>Wymieniliśmy już wiele zalążk&oacute;w i&nbsp;zjawisk pokrewnych, jednak co można uznać za pierwszy pełnoprawny larp rozegrany na&nbsp;świecie? Cytując książkę Lizzie Stark, poruszającą to zagadnienie:</p>\r\n<blockquote>\r\n<p class=\"ml-2\"><em>&bdquo;Nie ma pojedynczego &laquo;larpa-matki&raquo;, kt&oacute;ry rozpocząłby manię; zamiast tego wyrosła, niczym jakaś oddolna kampania polityczna, dzięki ludziom w&nbsp;r&oacute;żnych częściach USA i&nbsp;poza nimi, kt&oacute;rzy spontanicznie postanowili okładać swoich przyjaci&oacute;ł plastikowymi patykami w&nbsp;przydomowych ogr&oacute;dkach.&rdquo;</em></p>\r\n</blockquote>\r\n<p>Jeśli już musielibyśmy określić jedno konkretne wydarzenie, najtrafniejszym wyborem będzie prawdopodobnie gra &bdquo;Hobbit Wars&rdquo; z&nbsp;1977 roku. Brian Wiese zorganizował w&nbsp;stanie Maryland grę typu &bdquo;Capture the flag&rdquo; w&nbsp;strojach i&nbsp;z&nbsp;otulinową bronią. Gra przerodziła się p&oacute;źniej w&nbsp;coroczną grę terenową &bdquo;Dagorhir&rdquo;, rozgrywaną do&nbsp;dziś w&nbsp;USA.<br />W 1981 roku larp zawitał do&nbsp;Europy. Odbył się w&oacute;wczas pierwszy (pomijając r&oacute;żnorakie wcześniejsze eksperymenty) larp w&nbsp;Wielkiej Brytanii: Treasure Trap na&nbsp;zamku Peckforton, oparty na&nbsp;systemie Dungeons &amp; Dragons.</p>\r\n<p>Kolejną wartą odnotowania datą jest rok 1991, kiedy to wydawnictwo White Wolf wydało system RPG &bdquo;Vampire: the Masquerade&rdquo;. System ten stał się bazą do&nbsp;wielu larp&oacute;w, zar&oacute;wno na&nbsp;świecie, jak&nbsp;i&nbsp;w&nbsp;Polsce (tzw. larpy wampirze). Charakteryzowały się one obecnością stroj&oacute;w oraz wieloodcinkową fabułą.</p>\r\n<p>Kamieniem milowym, zwłaszcza jeśli chodzi o&nbsp;larpy nordyckie, stała się konferencja Knutepunkt, pierwszy raz mająca miejsce w&nbsp;1997 roku w&nbsp;Oslo. Skandynawowie przekuli anglosaską młodzieżową zabawę w&nbsp;nowy rodzaj sztuki, poszukiwania emocji i&nbsp;ekspresji. Zapoczątkowali także dyskusję i&nbsp;badania naukowe dotyczące larp&oacute;w. Konferencja Knutepunkt stała się miejscem spotkań środowiska larpowego najpierw ze Skandynawii, a&nbsp;p&oacute;źniej r&oacute;wnież z&nbsp;wielu innych kraj&oacute;w. Do dziś ma ona ważny wpływ na&nbsp;larpy na&nbsp;całym świecie.</p>','<p>Gra \"Hobbit Wars\" 1979, fot.&nbsp;Julieanna Daviski &amp; Jenna M Miller, History&nbsp;on&nbsp;<a href=\"https://dagorhir.com/about/history/\" target=\"_blank\">Dagorhir Battle Games</a></p>',NULL,'d0c914ee31a89826bb315f856c410b83.jpeg'),(29,'Larpy w Polsce','history',5,'<p>W latach 80. Polska zaraziła się od&nbsp;reszty świata fascynacją fantastyką. W&nbsp;1982 roku miał swoją premierę miesięcznik &bdquo;Fantastyka&rdquo;. Zaczynały działać kluby miłośnik&oacute;w gatunku, organizowano pierwsze konwenty, powoli rosło zainteresowanie grami fabularnymi. W&nbsp;1989 roku, podczas konwentu Kontur w&nbsp;Supraślu, miała miejsce gra terenowa (uważana za pierwszego polskiego larpa), zorganizowana przez związanych z&nbsp;konwentem harcerzy.&nbsp;Gra przypominała typowe gry harcerskie, miała liniową fabułę i&nbsp;nie obejmowała interakcji pomiędzy drużynami, za to odbywała się w&nbsp;strojach i&nbsp;z&nbsp;rekwizytami, a&nbsp;gracze odgrywali rolę poszukiwaczy przyg&oacute;d w&nbsp;realiach klasycznego fantasy. W&nbsp;tym samym roku, na&nbsp;konwencie Stalkon w&nbsp;Olsztynie, odbył się chamberlarp inspirowany tw&oacute;rczością S. Lema i&nbsp;J. Natansona.</p>\r\n<p>Kolejne lata przyniosły nowe larpy, a&nbsp;rok 1991 rewolucję, jeśli chodzi o&nbsp;mechanikę i&nbsp;zasady. Gry &bdquo;Smocze jajo&rdquo; na&nbsp;świeżo powstałym konwencie larpowym Orkon oraz &bdquo;Święty Graal&rdquo; na&nbsp;Konturze wprowadzały nieliniowość fabuły oraz interakcje między graczami. W&nbsp;1991 roku na&nbsp;Konturze, a&nbsp;kilka lat p&oacute;źniej na&nbsp;Orkonie&nbsp;wprowadzono bezpieczną broń. W&nbsp;latach 90. odbywało się już w&nbsp;Polsce kilka konwent&oacute;w z&nbsp;larpami. Z&nbsp;każdym rokiem zdobywały one coraz szersze rzesze wielbicieli i&nbsp;uczestnik&oacute;w. Lawina ruszyła.</p>','<p>Kontur 1989 w Supraślu, gra terenowa, źr&oacute;dło: Wojciech Sedeńko - blog,&nbsp;<a href=\"http://www.sedenko.pl/2011/03/16/archiwum-fandomu/\" target=\"_blank\">Archiwum fandomu - galeria</a></p>',NULL,'875cc110a1860ac64462b963cc8d8f24.jpeg'),(31,'Grupy larpowe','in_poland',2,'<p>Według&nbsp;<a href=\"https://www.google.com/maps/d/u/0/viewer?msa=0&amp;ie=UTF&amp;mid=1q73wa8uUR-NVx98nHrOtayadgjg&amp;ll=50.03628906786713%2C19.96636387304693&amp;z=12\" target=\"_blank\">Mapy Polskich Grup Larpowych</a> stworzonej przez polskie środowisko larpowe, w&nbsp;naszym kraju działa obecnie około 100 grup larpowych.&nbsp;W większości miast wojew&oacute;dzkich działa przynajmniej jedna grupa. Najwięcej można ich znaleźć na&nbsp;Śląsku.</p>\r\n<p>W Krakowie działają: <a href=\"http://larpownia.pl/\" target=\"_blank\">Larpownia</a>, <a href=\"http://creatioexnihilo.org/\" target=\"_blank\">Creatio ex Nihilo</a>, <a href=\"https://www.facebook.com/czarostoja/\" target=\"_blank\">Czarostoja</a>, <a href=\"http://ksf.org.pl/\" target=\"_blank\">Krakowska Sieć Fantastyki</a>, <a href=\"https://www.facebook.com/KragMieczy/\" target=\"_blank\">Krąg Mieczy</a>, <a href=\"http://budzeniepasji.pl/\" target=\"_blank\">Fundacja Budzenie Pasji</a>...<br />...i oczywiście <strong>Citizens of Dalaran</strong>!</p>','<p>Grupa Citizens of Dalaran, 2017</p>',NULL,'9fbb475929f3541e3e73fd55027f48b9.jpeg'),(32,'Konwenty fantastyki','in_poland',3,'<p>Konwentami nazywane są zjazdy fan&oacute;w, zwłaszcza szeroko rozumianej fantastyki. Na&nbsp;wielu z&nbsp;nich organizowane są larpy (gł&oacute;wnie typu chamber). Najbardziej znane polskie konwenty, na&nbsp;kt&oacute;rych można zagrać larpa, to:</p>\r\n<ul>\r\n<li><strong>Polcon</strong> &ndash; najstarszy polski konwent (pierwszy raz w&nbsp;1985 roku), odbywający się co roku w&nbsp;sierpniu, za każdym razem w&nbsp;innym mieście,</li>\r\n<li><strong>Pyrkon</strong> &ndash; obecnie największa tego typu impreza w&nbsp;Polsce, odbywa się w&nbsp;kwietniu lub&nbsp;maju w&nbsp;Poznaniu, bierze w&nbsp;nim rokrocznie udział kilkadziesiąt tysięcy uczestnik&oacute;w,</li>\r\n<li><strong>Falkon</strong> &ndash; odbywający się w&nbsp;listopadzie w&nbsp;Lublinie,</li>\r\n<li><strong>Copernicon</strong> &ndash; organizowany we wrześniu w&nbsp;Toruniu,</li>\r\n<li><strong>Imladris</strong> &ndash; odbywa się w&nbsp;październiku w&nbsp;Krakowie,</li>\r\n<li><strong>Niucon</strong> &ndash; mający miejsce w&nbsp;październiku we Wrocławiu, jest on gł&oacute;wnie skoncentrowany na&nbsp;fantastyce dalekowschodniej, jednak zdarzają się na&nbsp;nim r&oacute;wnież larpy.</li>\r\n</ul>','<p>Grupa Citizens of Dalaran na konwencie fantastyki Pyrkon w Poznaniu, 2017</p>',NULL,'fa8321fd0fc407dbace094c614c7cc4b.jpeg'),(33,'Imprezy larpowe','in_poland',4,'<p>W Polsce odbywają się także imprezy typowo larpowe. Są wśr&oacute;d nich m.in. konwenty zorientowane gł&oacute;wnie na&nbsp;larpy, a&nbsp;także duże, kilkudniowe larpy terenowe. Oto najważniejsze z&nbsp;nich:</p>\r\n<ul>\r\n<li><strong>KoLa</strong> &ndash; og&oacute;lnopolska konferencja zajmująca się larpami od&nbsp;strony teoretycznej. Co roku odbywa się w&nbsp;innym mieście. Odbywają się na&nbsp;niej zwłaszcza prelekcje, wykłady i&nbsp;panele dyskusyjne, zaś corocznie wydana zostaje publikacja z&nbsp;wieloma artykułami poruszającymi r&oacute;żne zagadnienia związane z&nbsp;tą aktywnością,</li>\r\n<li><strong>Orkon</strong> &ndash; najstarszy w&nbsp;Polsce konwent typowo larpowy, odbywający się na&nbsp;terenie Jury Krakowsko-Częstochowskiej. Podczas Orkonu można wziąć udział w&nbsp;wielu r&oacute;żnych larpach terenowych i&nbsp;chamberach,</li>\r\n<li><strong>DreamHaven</strong> &ndash; dawniej Hardkon, konwent larpowy odbywający się na&nbsp;Pomorzu, pełen larp&oacute;w wszelkiego rodzaju,</li>\r\n<li><strong>Fornost</strong> &ndash; konwent larpowy z&nbsp;gł&oacute;wną dwudniową grą w&nbsp;settingu Władcy Pierścieni,</li>\r\n<li><strong>Flamberg</strong> &ndash; konwent zorientowany w&nbsp;znacznej mierze na&nbsp;larpy, odbywający się na&nbsp;terenie Jury Krakowsko-Częstochowskiej,</li>\r\n<li><strong>Fantazjada</strong> &ndash; kilkudniowy larp w&nbsp;settingu fantasy, dawniej bitewny larp terenowy, obecnie nastawiony bardziej na&nbsp;symulacyjność,</li>\r\n<li><strong>Battle Quest</strong> &ndash; czterodniowy larp bitewny w&nbsp;settingu Warhammera, odbywający się w&nbsp;Nysie,</li>\r\n<li><strong>OldTown Festival</strong> &ndash; tygodniowy larp w&nbsp;klimacie postapokaliptycznym, odbywający się w&nbsp;sierpniu w&nbsp;Stargardzie, na&nbsp;terenie opuszczonego lotniska.</li>\r\n</ul>','<p>Międzynarodowa konferencja larpowa Knutepunkt 2013, <a href=\"https://www.flickr.com/photos/cuboctahedron/8679574667/\" target=\"_blank\">\"Hour of the Rant: Ars Lautus\"</a>, fot.&nbsp;<a style=\"box-sizing: border-box; color: #007bff; text-decoration-line: none; background-color: transparent;\" href=\"https://www.flickr.com/photos/cuboctahedron/\" target=\"_blank\">Ella</a>&nbsp;on Flickr /&nbsp;<a style=\"box-sizing: border-box; color: #007bff; text-decoration-line: none; background-color: transparent;\" href=\"https://creativecommons.org/licenses/by-nc/2.0/\" target=\"_blank\">CC BY-NC 2.0</a></p>',NULL,'4cd8f11f209d82c7c35e6f2fb9c1b5df.jpeg'),(34,'Autorstwo','about_website',1,'<p>Autorem serwisu jest <strong>Jędrzej Kubala</strong>.</p>\r\n<p>Serwis ten stanowi integralną część pracy licencjackiej (kierunek: <a title=\"Elektroniczne Przetwarzanie Informacji UJ\" href=\"http://www.epi.uj.edu.pl/\">Elektroniczne Przetwarzanie Informacji</a>), przygotowanej pod kierunkiem <strong>prof. dr hab. Jerzego Koniora</strong>, na Wydziale Zarządzania i Komunikacji Społecznej Uniwersytetu Jagiellońskiego.</p>\r\n<p>&nbsp;</p>',NULL,NULL,NULL),(35,'W sprawie larpów','contact',1,'<p>Zapraszamy do odwiedzin i kontatku poprzez nasz <a href=\"https://www.facebook.com/CitizensofDalaran.wow\">fanpage na Facebooku</a>. Zazwyczaj odpowiadamy na wiadomości w ciągu kilku minut.</p>',NULL,NULL,NULL),(36,'W sprawie strony','contact',2,'<p>Kontakt z tw&oacute;rcą strony poprzez\r\n<script type=\"text/javascript\" language=\"javascript\">// <![CDATA[\r\n// Email obfuscator script 2.1 by Tim Williams, University of Arizona\r\n// Random encryption key feature coded by Andrew Moulden\r\n// This code is freeware provided these four comment lines remain intact\r\n// A wizard to generate this code is at http://www.jottings.com/obfuscator/\r\n{ coded = \"l.GZLjdj@xnYexY0.yYX.nd\"\r\n  key = \"qXojpsRNJShf69Gr8Z14yAPvbYlnx2Dw3CzH7U0QmiaWEB5LIdeOgkFtuVMcTK\"\r\n  shift=coded.length\r\n  link=\"\"\r\n  for (i=0; i<coded.length; i++) {\r\n    if (key.indexOf(coded.charAt(i))==-1) {\r\n      ltr = coded.charAt(i)\r\n      link += (ltr)\r\n    }\r\n    else {     \r\n      ltr = (key.indexOf(coded.charAt(i))-shift+key.length) % key.length\r\n      link += (key.charAt(ltr))\r\n    }\r\n  }\r\ndocument.write(\"<a href=\'mailto:\"+link+\"\'>e-mail.</a>\")\r\n}\r\n// ]]></script>\r\n<noscript>Sorry, you need Javascript on to email me.</noscript></p>',NULL,NULL,NULL),(37,'Źródła informacji','about_website',2,'<h3>Druki tradycyjne</h3>\r\n<ol class=\"list-unstyled\">\r\n<li>\r\n<p>Fatland E., <em>Knutepunkt and Nordic Live Role-Playing: a&nbsp;crash course</em>, w&nbsp;zbiorze: <em>Dissecting Larp. Collected papers for Knutepunkt 2005</em>, Oslo, 2005</p>\r\n</li>\r\n<li>\r\n<p>Laycock J. P., <em>Dangerous Games: What the Moral Panic over Role-Playing Games Says about Play, Religion and Imaginated Worlds</em>, Oakland,&nbsp;University of California Press, 2015</p>\r\n</li>\r\n<li>\r\n<p>Milewski W., <em>I rzekł RPG: &bdquo;LARP-ie, ty niewdzięczne dziecię moje&rdquo;</em>, &bdquo;KoLa. Konferencja Larpowa&rdquo; 2013</p>\r\n</li>\r\n<li>\r\n<p>Podracki J., <em>Opinia Zespołu Ortograficzno-Onomastycznego Rady Języka Polskiego</em>, RJP-114/W/2014</p>\r\n</li>\r\n<li>\r\n<p>Rogowska A., <em>Maska, kt&oacute;rą jestem. O&nbsp;relacji postać-gracz na&nbsp;LARPie.</em>, &bdquo;KoLa. Konferencja Larpowa&rdquo;&nbsp;2012</p>\r\n</li>\r\n<li>\r\n<p>Stark L., <em>Leaving Mundania: Inside the Transformative World of Live Action Role-Playing Games</em>, Chicago, Chicago Review Press, 2012</p>\r\n</li>\r\n<li>\r\n<p>Tabisz J., <em>Leksykon pojęć</em>, &bdquo;KoLa. Konferencja Larpowa&rdquo;&nbsp;2012</p>\r\n</li>\r\n<li>\r\n<p>Wiktorowicz D., <em>Prehistoria larp&oacute;w w&nbsp;Polsce</em>, &bdquo;KoLa. Konferencja Larpowa&rdquo; 2016</p>\r\n</li>\r\n</ol>\r\n<h3>Źr&oacute;dła elektroniczne</h3>\r\n<ol class=\"list-unstyled\">\r\n<li>\r\n<p><em>Commedia dell&rsquo;arte</em>&nbsp;w&nbsp;Encyklopedii PWN, <a href=\"https://www.google.com/url?q=https://encyklopedia.pwn.pl/haslo/commedia-dell-arte;3887449.html&amp;sa=D&amp;ust=1527161015339000\">https://encyklopedia.pwn.pl/haslo/commedia-dell-arte;3887449.html</a>, dostęp: 23.05.2018</p>\r\n</li>\r\n<li>\r\n<p>Croucher M., <em>Latter-Day Knights Battle for Imaginary Kingdoms</em>, <a href=\"https://www.google.com/url?q=https://web.archive.org/web/20080515192325/http://en.epochtimes.com/news/8-3-17/67686.html&amp;sa=D&amp;ust=1527161015342000\">https://web.archive.org/web/20080515192325/http://en.epochtimes.com/news/8-3-17/67686.html</a>, dostęp: 23.05.2018</p>\r\n</li>\r\n<li>\r\n<p><em>Czym jest larp?</em>, portal Konferencji Larpowej, <a href=\"https://www.google.com/url?q=http://kola.org.pl/portfolio-item/czym-jest-larp/&amp;sa=D&amp;ust=1527161015334000\">http://kola.org.pl/portfolio-item/czym-jest-larp/</a>, dostęp: 22.05.2018&nbsp;</p>\r\n</li>\r\n<li>\r\n<p>Dembiński D., <em>Co to jest larp?</em>, <a href=\"https://www.google.com/url?q=http://old.liveform.pl/what-is-larp/&amp;sa=D&amp;ust=1527161015334000\">http://old.liveform.pl/what-is-larp/</a>, dostęp: 22.05.2018</p>\r\n</li>\r\n<li>\r\n<p>Dembiński D., <em>Uniwersalne mechaniki larpowe</em>, <a href=\"https://www.google.com/url?q=http://old.liveform.pl/uniwersalne-mechaniki-larpowe/&amp;sa=D&amp;ust=1527161015337000\">http://old.liveform.pl/uniwersalne-mechaniki-larpowe/</a>, dostęp: 22.05.2018</p>\r\n</li>\r\n<li>\r\n<p>Demczuk M., <em>Czym jest psychodrama?</em>, <a href=\"https://www.google.com/url?q=http://marcindemczuk.pl/2016/psychodrama/&amp;sa=D&amp;ust=1527161015340000\">http://marcindemczuk.pl/2016/psychodrama/</a>, dostęp: 23.05.2018</p>\r\n</li>\r\n<li>\r\n<p><em>Dogma99</em>, praca zbior., <a href=\"https://www.google.com/url?q=http://fate.laiv.org/dogme99/en/index.htm&amp;sa=D&amp;ust=1527161015333000\">http://fate.laiv.org/dogme99/en/index.htm</a>,&nbsp;dostęp: 22.05.2018, tłum. własne</p>\r\n</li>\r\n<li>\r\n<p><em>History</em>&nbsp;&ndash; podstrona na&nbsp;portalu Dagorhir, <a href=\"https://www.google.com/url?q=https://dagorhir.com/about/history/&amp;sa=D&amp;ust=1527161015343000\">https://dagorhir.com/about/history/</a>, dostęp: 23.05.2018</p>\r\n</li>\r\n<li>\r\n<p><em>History of live action role-playing games</em>&nbsp;w&nbsp;anglojęzycznej Wikipedii, <a href=\"https://www.google.com/url?q=https://en.wikipedia.org/wiki/History_of_live_action_role-playing_games&amp;sa=D&amp;ust=1527161015340000\">https://en.wikipedia.org/wiki/History_of_live_action_role-playing_games</a>, dostęp: 23.05.2018</p>\r\n</li>\r\n<li>\r\n<p>Hook N., <em>The history of UK LARP</em>, &bdquo;The LARP Magazine Newsletter&rdquo; 2006 nr 2, <a href=\"https://www.google.com/url?q=https://web.archive.org/web/20071103212653/http://www.larpmag.com/Issue01_April_06/larp_magazine_newsletter_volume02.htm%23Section%2520IX.%2520%2520%2520%2520%2520%2520%2520The%2520History%2520of%2520UK%2520LARP,%2520Written%2520By%2520Nathan%2520Hook&amp;sa=D&amp;ust=1527161015344000\">https://web.archive.org/web/20071103212653/http://www.larpmag.com/Issue01_April_06/larp_magazine_newsletter_volume02.htm#Section%20IX.%20%20%20%20%20%20%20The%20History%20of%20UK%20LARP,%20Written%20By%20Nathan%20Hook</a>, dostęp: 23.05.2018</p>\r\n</li>\r\n<li>\r\n<p>Informator Konwentowy &ndash; portal, <a href=\"https://www.google.com/url?q=https://konwenty.info/&amp;sa=D&amp;ust=1527161015346000\">https://konwenty.info/</a>, dostęp: 24.05.2018</p>\r\n</li>\r\n<li>\r\n<p>&nbsp;Keyes W., <em>The Origins of the SCA</em>, <a href=\"https://www.google.com/url?q=http://history.westkingdom.org/Year0/index.htm&amp;sa=D&amp;ust=1527161015341000\">http://history.westkingdom.org/Year0/index.htm</a>, dostęp: 23.05.2018</p>\r\n</li>\r\n<li>\r\n<p>Kim J. H., <em>The Threefold Model FAQ</em>, <a href=\"https://www.google.com/url?q=http://www.darkshire.net/jhkim/rpg/theory/threefold/faq_v1.html&amp;sa=D&amp;ust=1527161015338000\">http://www.darkshire.net/jhkim/rpg/theory/threefold/faq_v1.html</a>, dostęp: 22.05.2018</p>\r\n</li>\r\n<li>\r\n<p><em>Kriegsspiel (wargame)</em> w&nbsp;anglojęzycznej Wikipedii, <a href=\"https://www.google.com/url?q=https://en.wikipedia.org/wiki/Kriegsspiel_(wargame)&amp;sa=D&amp;ust=1527161015340000\">https://en.wikipedia.org/wiki/Kriegsspiel_(wargame)</a>, dostęp: 23.05.2018</p>\r\n</li>\r\n<li>\r\n<p><em>LARP</em> w&nbsp;Oxford Dictionaries, <a href=\"https://www.google.com/url?q=https://en.oxforddictionaries.com/definition/larp&amp;sa=D&amp;ust=1527161015333000\">https://en.oxforddictionaries.com/definit ion/larp</a>, dostęp: 22.05.2018, tłum. za: <em>Live action role-playing</em>, Wikipedia.</p>\r\n</li>\r\n<li>\r\n<p><em>Live action role-playing</em> w&nbsp;Wikipedii, wolnej encyklopedii, <a href=\"https://www.google.com/url?q=https://pl.wikipedia.org/wiki/Live_action_role-playing&amp;sa=D&amp;ust=1527161015332000\">https://pl.wikipedia.org/wiki/Live_action_role-playing</a>, dostęp: 22.05.2018</p>\r\n</li>\r\n<li>\r\n<p>Mapa polskich grup larpowych, <a href=\"https://www.google.com/url?q=https://www.google.com/maps/d/u/0/viewer?msa%3D0%26ie%3DUTF%26mid%3D1q73wa8uUR-NVx98nHrOtayadgjg%26ll%3D50.03628906786713%252C19.96636387304693%26z%3D12&amp;sa=D&amp;ust=1527161015346000\">https://www.google.com/maps/d/u/0/viewer?msa=0&amp;ie=UTF&amp;mid=1q73wa8uUR-NVx98nHrOtayadgjg&amp;ll=50.03628906786713%2C19.96636387304693&amp;z=12</a>, dostęp: 24.05.2018</p>\r\n</li>\r\n<li>\r\n<p><em>Naumachie</em>, artykuł na&nbsp;portalu Imperium Romanum, <a href=\"https://www.google.com/url?q=https://www.imperiumromanum.edu.pl/spoleczenstwo/rozrywka-w-starozytnym-rzymie/naumachie/&amp;sa=D&amp;ust=1527161015339000\">https://www.imperiumromanum.edu.pl/spoleczenstwo/rozrywka-w-starozytnym-rzymie/naumachie/</a>, dostęp: 23.05.2018</p>\r\n</li>\r\n<li>\r\n<p>Połynkiewicz A., <em>Czym są larpy?</em>, artykul na&nbsp;portalu Larpownia.pl, <a href=\"https://www.google.com/url?q=http://larpownia.pl/2012/06/23/czym-sa-larpy/&amp;sa=D&amp;ust=1527161015332000\">http://larpownia.pl/2012/06/23/czym-sa-larpy/</a>,&nbsp;dostęp: 22.05.2018</p>\r\n</li>\r\n<li>\r\n<p>Raven&nbsp;P. G., <em>This Is a&nbsp;Game: a&nbsp;(very) Brief History of Larp</em>, artykuł na&nbsp;portalu Rhizome, <a href=\"https://www.google.com/url?q=http://rhizome.org/editorial/2012/sep/20/game-very-brief-history-larp-part-1/&amp;sa=D&amp;ust=1527161015343000\">http://rhizome.org/editorial/2012/sep/20/game-very-brief-history-larp-part-1/</a>, dostęp: 23.05.2018&nbsp;</p>\r\n</li>\r\n<li>\r\n<p>Stark L.,&nbsp;<em>Nordic Larp for Noobs</em>, artykuł na&nbsp;portalu Leaving Mundania,&nbsp;<a href=\"https://www.google.com/url?q=http://leavingmundania.com/2012/08/08/nordic-larp-for-noobs/&amp;sa=D&amp;ust=1527161015336000\">http://leavingmundania.com/2012/08/08/nordic-larp-for-noobs/</a>, dostęp: 22.05.2018</p>\r\n</li>\r\n<li>\r\n<p>Tabisz J., <em>Czas na&nbsp;Jeepform!</em>, artykuł na&nbsp;portalu Polter.pl, <a href=\"https://www.google.com/url?q=http://polter.pl/larp/Czas-na-Jeepform-c21895&amp;sa=D&amp;ust=1527161015335000\">http://polter.pl/larp/Czas-na-Jeepform-c21895</a>, dostęp: 22.05.2018&nbsp;&nbsp;</p>\r\n</li>\r\n<li>\r\n<p>Ż&oacute;łtański W., <em>Czterdzieści lat &bdquo;Dungeons &amp; Dragons&rdquo;</em>, artykuł w&nbsp;serwisie Gry-fabularne.pl, <a href=\"https://www.google.com/url?q=http://gry-fabularne.pl/wywiad/czterdziesci-lat-dungeons-dragons/&amp;sa=D&amp;ust=1527161015342000\">http://gry-fabularne.pl/wywiad/czterdziesci-lat-dungeons-dragons/</a>, dostęp: 23.05.2018</p>\r\n</li>\r\n</ol>',NULL,NULL,NULL),(38,'Kim jesteśmy?','about',1,'<p>Grupą znajomych. Drużyną zapaleńc&oacute;w. Ekipą ludzi z pasją.</p>\r\n<p>Fascynują nas larpy, stroje, fantastyka i świat Warcrafta.</p>\r\n<p>Trzon naszej grupy wywodzi się z Krakowa, jednak są wśr&oacute;d nas ludzie z całej Polski. Jesteśmy otwarci na wszystkich, kt&oacute;rzy chcą razem z nami przeżywać przygody.</p>',NULL,NULL,NULL),(39,'Co robimy?','about',2,'<h3>Larpy</h3>\r\n<p>Organizujemy wydarzenia typu LARP, gł&oacute;wnie w świecie Warcrafta. Latem są to zwykle kilkudniowe larpy terenowe, zimą chambery. Nasza kreatywność nie zna jednak granic, więc bądźcie przygotowani na najr&oacute;żniejsze projekty.</p>\r\n<p>Nasze wydarzenia są otwarte na nowych grzaczy. Nigdy nie miałeś do czynienia z larpami? Żaden problem! Nasza grupa po kolei pokaże Ci co i jak.</p>\r\n<h3>Cosplay</h3>\r\n<p>Pasjonuje nas nie tylko granie larp&oacute;w, ale także tworzenie do nich stroj&oacute;w. Dołącz do nas, a z chęcią nauczymy Cię, jak to robić! Wolisz wykuć sobie metalową zbroję, uszyć wspaniałą suknię, a może zrobić bezpieczny, otulinowy miecz? To wcale nie takie trudne.</p>\r\n<h3>Prelekcje, wyjazdy, wydarzenia</h3>\r\n<p>Przede wszystkim jesteśmy grupą znajomych, kt&oacute;rzy lubią spędzać razem czas. Wsp&oacute;lnie bierzemy udział w konwentach fantastycznych, organizujemy prelekcje, kt&oacute;re pomagają odnaleźć się w warcraftowym świecie oraz masę innych wydarzeń. Zostań z nami, a nic Cię nie ominie!</p>',NULL,NULL,NULL),(40,'Rodzice larpów','history',6,'<p>Co zatem miało wpływ na powstanie larp&oacute;w? Następujące zjawiska:</p>\r\n<ul>\r\n<li>Teatr improwizowany,</li>\r\n<li>Gry bitewne (figurkowe),</li>\r\n<li>Rekonstrukcja historyczna,</li>\r\n<li>Gry fabularne (RPG),</li>\r\n<li>Gry terenowe (harcerskie) - zwłaszcza w Polsce.</li>\r\n</ul>\r\n<p>Kiedy się weźmie pod uwagę tak szerokie pochodzenie larp&oacute;w, trudno dziwić się ich r&oacute;żnorodności.</p>',NULL,NULL,NULL);
/*!40000 ALTER TABLE `text` ENABLE KEYS */;
UNLOCK TABLES;

--
-- Table structure for table `user`
--

DROP TABLE IF EXISTS `user`;
/*!40101 SET @saved_cs_client     = @@character_set_client */;
/*!40101 SET character_set_client = utf8 */;
CREATE TABLE `user` (
  `id` int(11) NOT NULL AUTO_INCREMENT,
  `role_id` int(11) DEFAULT NULL,
  `login` varchar(45) COLLATE utf8_unicode_ci NOT NULL,
  `password` varchar(255) COLLATE utf8_unicode_ci NOT NULL,
  `img` varchar(255) COLLATE utf8_unicode_ci DEFAULT NULL,
  `description` varchar(255) COLLATE utf8_unicode_ci DEFAULT NULL,
  `name` varchar(45) COLLATE utf8_unicode_ci DEFAULT NULL,
  `date_of_birth` date DEFAULT NULL,
  `phone_number` varchar(45) COLLATE utf8_unicode_ci DEFAULT NULL,
  `email` varchar(100) COLLATE utf8_unicode_ci NOT NULL,
  `emergency_phone` varchar(45) COLLATE utf8_unicode_ci DEFAULT NULL,
  `health_issues` varchar(255) COLLATE utf8_unicode_ci DEFAULT NULL,
  `nourishment_issues` varchar(255) COLLATE utf8_unicode_ci DEFAULT NULL,
  PRIMARY KEY (`id`),
  KEY `fk_users_roles1_idx` (`role_id`),
  CONSTRAINT `FK_8D93D649D60322AC` FOREIGN KEY (`role_id`) REFERENCES `roles` (`id`)
) ENGINE=InnoDB AUTO_INCREMENT=3 DEFAULT CHARSET=utf8 COLLATE=utf8_unicode_ci;
/*!40101 SET character_set_client = @saved_cs_client */;

--
-- Dumping data for table `user`
--

LOCK TABLES `user` WRITE;
/*!40000 ALTER TABLE `user` DISABLE KEYS */;
INSERT INTO `user` VALUES (1,2,'Hagin','H@6!n',NULL,'Hagin Gimblefllux. Master Engineer',NULL,NULL,NULL,'hagin@gimbleflux.com',NULL,NULL,NULL),(2,1,'Daquelia','Daquelia',NULL,NULL,NULL,NULL,NULL,'daquelia@lordaeron.com',NULL,NULL,NULL);
/*!40000 ALTER TABLE `user` ENABLE KEYS */;
UNLOCK TABLES;
/*!40103 SET TIME_ZONE=@OLD_TIME_ZONE */;

/*!40101 SET SQL_MODE=@OLD_SQL_MODE */;
/*!40014 SET FOREIGN_KEY_CHECKS=@OLD_FOREIGN_KEY_CHECKS */;
/*!40014 SET UNIQUE_CHECKS=@OLD_UNIQUE_CHECKS */;
/*!40101 SET CHARACTER_SET_CLIENT=@OLD_CHARACTER_SET_CLIENT */;
/*!40101 SET CHARACTER_SET_RESULTS=@OLD_CHARACTER_SET_RESULTS */;
/*!40101 SET COLLATION_CONNECTION=@OLD_COLLATION_CONNECTION */;
/*!40111 SET SQL_NOTES=@OLD_SQL_NOTES */;

-- Dump completed on 2018-06-12 12:41:09
